game,numPlayers,numCells,numVertices,numEdges,numComponents,numPhases,numRows,numColumns,numCorners,numPlayableSites,avgNumDirections,avgNumOrthogonal,avgNumDiagonal,isStacking,isStochastic,hasHiddenInfo,requiresTeams,hasTrack,hasCard,hasHandDice,isVertexGame,isEdgeGame,isCellGame,isDeductionPuzzle,isSimultaneous,isAlternating,maxCount,maxLocalStates,stateSpaceLog
Kanguruh,2,64,81,144,2,1,8,8,4,64,6.56,3.50,3.06,0,0,0,0,0,0,0,0,0,1,0
Apocalypse,2,25,36,60,4,1,5,5,4,25,5.76,3.20,2.56,0,0,0,0,0,0,0,0,0,1,0
Infuse,2,75,181,255,2,1,10,10,6,75,9.68,5.20,4.48,0,0,0,0,0,0,0,0,0,1,0
Omangunta Peeta,2,6,14,19,1,2,2,7,4,22,4.43,2.71,1.71,0,0,0,0,1,0,0,1,0,1,0
Ngulungu,2,18,28,45,2,1,4,7,4,28,5.79,3.21,2.57,0,0,0,0,1,0,0,1,0,0,0
Pathway,2,36,49,84,2,1,6,6,4,36,6.11,3.33,2.78,0,0,0,0,0,0,0,0,0,1,0
Lian Qi (A-Type),2,0,24,40,2,2,7,7,4,26,3.33,3.33,0.00,1,0,0,0,0,0,0,1,0,1,0
La Liebre Perseguida,2,12,11,22,2,1,5,3,2,11,4.00,4.00,0.00,0,0,0,0,0,0,0,1,0,0,0
Bipod,2,81,201,281,3,1,6,16,4,81,9.26,5.06,4.20,0,0,0,0,0,0,0,0,0,1,0
Ovalhu,2,9,18,26,1,2,2,10,2,18,4.44,2.89,1.56,0,0,0,0,1,0,0,1,0,0,0
Tennessee Waltz,2,16,25,40,2,1,5,5,4,27,5.76,3.20,2.56,0,0,0,0,0,0,0,1,0,1,0
Shatranj Diwana Shah,2,64,81,144,7,1,8,8,4,64,6.56,3.50,3.06,0,0,0,0,0,0,0,0,0,1,0
Guerrilla Checkers,2,64,81,144,2,3,9,9,4,146,6.72,3.56,3.16,0,0,0,0,0,0,0,1,0,1,0
Katrayo,2,5,12,16,1,1,2,6,4,12,4.33,2.67,1.67,0,0,0,0,1,0,0,1,0,0,0
Ludus Rebellionis 1,2,64,81,144,6,1,8,8,4,64,6.56,3.50,3.06,0,0,0,0,0,0,0,0,0,1,0
Sher Bakar,2,32,25,56,2,1,5,5,4,25,4.48,4.48,0.00,1,0,0,0,0,0,0,1,0,0,0
Slitherlink,1,49,64,112,0,1,15,15,8,225,5.21,5.21,0.00,0,0,0,0,0,0,0,1,1,1,1
Spao,3,14,30,96,3,1,7,7,4,30,8.27,6.40,1.87,0,0,0,0,0,0,0,1,0,0,0
Saxun,2,64,81,144,12,1,8,8,4,64,6.56,3.50,3.06,0,0,0,0,0,0,0,0,0,1,0
Tsoro (Additional Capture),2,21,32,52,1,1,4,8,4,32,5.88,3.25,2.62,0,0,0,0,1,0,0,1,0,0,0
The SmallHolder,2,37,96,132,2,1,7,7,6,37,8.76,4.86,3.89,0,0,0,0,0,0,0,0,0,1,0
El Cazador,2,32,25,56,2,1,5,5,4,25,4.48,4.48,0.00,0,0,0,0,0,0,0,1,0,0,0
Col,2,61,150,210,2,1,9,9,6,61,9.44,5.11,4.33,0,0,0,0,0,0,0,0,0,1,0
First Attack,2,64,81,144,1,1,8,8,4,64,6.56,3.50,3.06,0,0,0,0,0,0,0,0,0,1,0
Shanzak Kammar,2,40,37,92,2,1,9,5,10,37,5.41,4.97,0.43,0,0,0,0,0,0,0,1,0,0,0
Meurimueng-rimueng Peuet Ploh,2,128,81,208,2,1,9,9,4,81,5.14,5.14,0.00,0,0,0,0,0,0,0,1,0,0,0
SpanRups,1,40,25,56,1,1,9,9,8,56,7.86,7.86,0.00,0,0,0,0,0,0,0,0,1,0,0
Sittuyin,2,64,81,144,12,4,8,8,4,76,6.56,3.50,3.06,0,0,0,0,0,0,0,0,0,1,0
International Draughts,2,100,121,220,4,1,10,10,4,100,6.84,3.60,3.24,0,0,0,0,0,0,0,0,0,1,0
HeXentafl,2,37,96,132,3,1,7,7,6,37,8.76,4.86,3.89,0,0,0,0,0,0,0,0,0,1,0
Zonesh,2,36,49,84,2,1,6,6,4,36,6.11,3.33,2.78,0,0,0,0,0,0,0,0,0,1,0
Tuk Tak,2,9,16,24,2,2,3,3,4,11,4.44,2.67,1.78,0,0,0,0,0,0,0,0,0,1,0
Gifia,2,5,10,14,1,2,2,6,2,10,4.00,2.80,1.20,0,0,0,0,1,0,0,1,0,0,0
Mraha wa Bwe,2,25,36,60,2,2,5,5,4,27,5.76,3.20,2.56,0,0,0,0,0,0,0,0,0,1,0
Feed the Ducks,2,61,150,210,3,2,9,9,6,61,9.44,5.11,4.33,0,0,0,0,0,0,0,0,0,1,0
Bechi,2,3,8,10,1,2,2,4,4,13,4.00,2.50,1.50,0,0,0,0,1,0,0,1,0,1,0
Dara,2,30,42,71,2,2,5,6,4,32,5.93,3.27,2.67,0,0,0,0,0,0,0,0,0,1,0
Mysore Tiger Game (Two Tigers),2,48,49,96,2,2,9,9,16,99,4.57,3.92,0.65,0,0,0,0,0,0,0,1,0,1,0
Gopher,2,91,216,306,2,1,11,11,6,91,9.89,5.27,4.62,0,0,0,0,0,0,0,0,0,1,0
Gabata (Adegrat),2,5,12,16,1,2,2,6,4,19,4.33,2.67,1.67,0,0,0,0,1,0,0,1,0,1,0
Tama,2,64,81,144,4,1,8,8,4,64,6.56,3.50,3.06,0,0,0,0,0,0,0,0,0,1,0
Teeko,2,25,36,60,2,2,5,5,4,41,5.76,3.20,2.56,0,0,0,0,0,0,0,0,0,1,0
Bara Guti (Bihar),2,0,25,48,2,1,13,13,8,25,3.84,3.84,0.00,0,0,0,0,0,0,0,1,0,0,0
Catchup,2,61,150,210,2,1,9,9,6,61,9.44,5.11,4.33,0,0,0,0,0,0,0,0,0,1,0
Esa Hex,2,121,286,406,2,2,11,11,4,121,9.92,5.29,4.63,0,0,0,0,0,0,0,0,0,1,0
Nsumbi,2,21,32,52,1,2,4,8,4,32,5.88,3.25,2.62,0,0,0,0,1,0,0,1,0,0,0
Foji,2,5,12,16,1,1,2,6,4,19,4.33,2.67,1.67,0,0,0,0,1,0,0,1,0,1,0
Um el Tuweisat,2,2,6,7,1,1,2,3,4,10,3.67,2.33,1.33,0,0,0,0,1,0,0,1,0,1,0
Tsoro Yemutwelve,2,0,24,40,2,2,7,7,4,26,3.33,3.33,0.00,0,0,0,0,0,0,0,1,0,1,0
Make Muster,2,45,64,108,2,1,9,9,12,45,6.22,3.20,3.02,0,0,0,0,0,0,0,0,0,1,0
Moruba,2,33,48,80,1,1,4,12,4,83,6.08,3.33,2.75,0,0,0,0,1,0,0,1,0,1,0
Hex Amazons,2,127,294,420,3,2,13,13,6,127,10.20,5.39,4.82,0,0,0,0,0,0,0,0,0,1,0
Lam Turki,1,6,10,15,1,2,5,9,5,17,3.50,3.00,0.50,0,0,0,0,0,0,0,1,0,1,0
Fanorona Telo,2,8,9,16,2,2,3,3,4,19,3.56,3.56,0.00,0,0,0,0,0,0,0,1,0,1,0
Yoin,2,127,294,420,2,1,13,13,6,127,10.20,5.39,4.82,0,0,0,0,0,0,0,0,0,1,0
Veloop (Square),2,64,81,144,2,1,8,8,4,64,6.56,3.50,3.06,1,0,0,0,0,0,0,0,0,1,0
Lian Qi (Bohai),2,0,16,24,2,2,5,5,4,18,3.00,3.00,0.00,0,0,0,0,0,0,0,1,0,1,0
Jeson Zam,2,0,19,36,2,2,10,9,6,21,3.79,3.79,0.00,0,0,0,0,0,0,0,1,0,1,0
Chandaraki,2,64,81,144,12,1,8,8,4,64,6.56,3.50,3.06,0,0,0,0,0,0,0,0,0,1,0
Kharberg,2,32,25,56,4,1,5,5,4,25,4.48,4.48,0.00,0,0,0,0,0,0,0,1,0,0,0
Acedrex (Alfonso),2,64,81,144,12,1,8,8,4,64,6.56,3.50,3.06,0,0,0,0,0,0,0,0,0,1,0
Chinese Checkers,6,121,294,414,6,2,17,17,12,121,9.62,5.16,4.46,0,0,0,0,0,0,0,0,0,1,0
Tic-Tac-Toe,2,9,16,24,2,1,3,3,4,9,4.44,2.67,1.78,0,0,0,0,0,0,0,0,0,1,0
Egara Guti,2,18,23,40,2,1,7,7,4,23,5.30,3.48,1.83,0,0,0,0,0,0,0,1,0,0,0
Dama,2,64,81,144,4,1,8,8,4,64,6.56,3.50,3.06,0,0,0,0,0,0,0,0,0,1,0
Sgjough,2,0,24,32,2,2,7,7,4,26,2.67,2.67,0.00,0,0,0,0,0,0,0,1,0,1,0
Toguz Kumalak,2,0,20,16,1,1,3,10,6,20,1.60,1.60,0.00,0,0,0,0,1,0,0,1,0,0,0
Walak-Pussa,2,8,16,23,1,3,2,9,2,16,4.38,2.88,1.50,0,0,0,0,1,0,0,1,0,0,0
Reversi,2,64,81,144,1,1,8,8,4,64,6.56,3.50,3.06,0,0,0,0,0,0,0,0,0,1,0
Bagha Guti,2,32,25,56,2,2,5,5,4,26,4.48,4.48,0.00,1,0,0,0,0,0,0,1,0,1,0
Laomuzhu,2,4,10,13,3,3,2,5,4,18,4.20,2.60,1.60,1,0,0,0,1,0,0,1,0,1,0
Hat Diviyan Keliya,2,0,10,15,2,2,4,7,3,12,3.00,3.00,0.00,0,0,0,0,0,0,0,1,0,1,0
Oware,2,7,14,20,1,1,2,8,2,14,4.29,2.86,1.43,0,0,0,0,1,0,0,1,0,0,0
Chaturanga (Kridakausalya),2,64,81,144,12,1,8,8,4,64,6.56,3.50,3.06,0,0,0,0,0,0,0,0,0,1,0
Snailtrail,2,49,64,112,3,1,7,7,4,49,6.37,3.43,2.94,0,0,0,0,0,0,0,0,0,1,0
Ex Nihilo,2,61,150,210,3,1,9,9,6,61,9.44,5.11,4.33,1,0,0,0,0,0,0,0,0,1,0
Tenjiku Shogi,2,256,289,544,88,1,16,16,4,256,7.27,3.75,3.52,0,0,0,0,0,0,0,0,0,1,0
Bison,2,77,96,172,3,1,7,11,4,77,6.65,3.53,3.12,0,0,0,0,0,0,0,0,0,1,0
Sumi Naga Game (War),2,32,25,56,2,1,5,5,4,25,4.48,4.48,0.00,0,0,0,0,0,0,0,1,0,0,0
Hexifact,2,37,27,63,2,1,6,6,6,27,4.67,4.67,0.00,0,0,0,0,0,0,0,1,0,0,0
Permainan-Tabal,2,40,37,76,4,1,9,5,10,37,4.54,4.11,0.43,0,0,0,0,0,0,0,1,0,0,0
Damat,2,144,169,312,4,1,12,12,4,144,7.03,3.67,3.36,0,0,0,0,0,0,0,0,0,1,0
Samoan Game,2,72,91,162,2,1,12,6,4,72,6.56,3.50,3.06,0,0,0,0,0,0,0,0,0,1,0
En Gehe,2,39,80,118,1,1,2,40,4,121,4.90,2.95,1.95,0,0,0,0,1,0,0,1,0,1,0
Kharebga (5x5),2,25,36,60,2,2,5,5,4,27,5.76,3.20,2.56,0,0,0,0,0,0,0,0,0,1,0
Tabu Y,2,66,166,231,2,1,11,11,3,66,9.09,5.00,4.09,0,0,0,0,0,0,0,0,0,1,0
Tic-Tac-Chess,2,9,16,24,6,2,3,3,4,15,4.44,2.67,1.78,0,0,0,0,0,0,0,0,0,1,0
Four-Fang,2,9,16,24,2,3,4,4,4,27,5.25,3.00,2.25,0,0,0,0,0,0,0,1,0,1,0
Notakto,2,144,256,384,2,1,12,12,64,144,4.44,2.67,1.78,0,0,0,0,0,0,0,0,0,1,0
Gundru,2,64,81,144,2,1,9,9,4,147,6.72,3.56,3.16,0,0,0,0,0,0,0,1,0,1,0
Hnefatafl,2,121,144,264,3,1,11,11,4,121,6.94,3.64,3.31,0,0,0,0,0,0,0,0,0,1,0
Isolation,2,49,64,112,3,1,7,7,4,49,6.37,3.43,2.94,0,0,0,0,0,0,0,0,0,1,0
Coil,2,127,294,420,2,2,13,13,6,127,10.20,5.39,4.82,0,0,0,0,0,0,0,0,0,1,0
Lombard Chess,2,64,81,144,12,1,8,8,4,64,6.56,3.50,3.06,0,0,0,0,0,0,0,0,0,1,0
Three Musketeers,2,25,36,60,2,1,5,5,4,25,5.76,3.20,2.56,0,0,0,0,0,0,0,0,0,1,0
Zuz Mel (5x5),2,25,36,60,2,1,5,5,4,25,5.76,3.20,2.56,0,0,0,0,0,0,0,0,0,1,0
Awithlaknan Mosona,2,30,25,54,2,1,3,15,2,25,4.32,4.32,0.00,0,0,0,0,0,0,0,1,0,0,0
Sahmatloudi,2,81,100,180,3,1,9,9,4,81,6.72,3.56,3.16,0,0,0,0,0,0,0,0,0,1,0
Pippinzip,2,144,169,312,2,2,13,13,4,169,7.10,3.69,3.41,0,0,0,0,0,0,0,1,0,0,0
La'b Akila,2,6,14,19,1,1,2,7,4,22,4.43,2.71,1.71,0,0,0,0,1,0,0,1,0,1,0
Mawkar Katiya,2,6,14,19,1,2,2,7,4,22,4.43,2.71,1.71,0,0,0,0,1,0,0,1,0,1,0
Castello,2,315,352,666,3,1,15,21,4,321,7.33,3.77,3.56,0,0,0,0,0,0,0,0,0,1,0
Yaguarete Kora,2,36,31,66,2,1,7,5,7,31,4.52,4.26,0.26,0,0,0,0,0,0,0,1,0,0,0
Can The Sardines,2,81,100,180,2,1,9,9,4,81,6.72,3.56,3.16,0,0,0,0,0,0,0,0,0,1,0
Zola,2,36,49,84,2,1,6,6,4,36,6.11,3.33,2.78,0,0,0,0,0,0,0,0,0,1,0
Yavalade,3,61,150,210,3,1,9,9,6,61,9.44,5.11,4.33,0,0,0,0,0,0,0,0,0,1,0
Let's Catch the Lion,2,12,20,31,10,1,4,3,4,18,4.83,2.83,2.00,0,0,0,0,0,0,0,0,0,1,0
Crossline,2,40,10,45,3,3,15,15,45,45,16.00,16.00,0.00,0,0,0,0,0,0,0,0,1,0,0
Shobu,2,64,100,160,2,2,8,8,16,64,5.25,3.00,2.25,0,0,0,0,0,0,0,0,0,1,0
Surakarta,2,25,36,60,2,1,6,6,4,36,6.11,3.33,2.78,0,0,0,0,1,0,0,1,0,0,0
Sudoku Mine,1,81,100,180,0,1,9,9,4,81,6.72,3.56,3.16,0,0,0,0,0,0,0,0,0,1,1
Shono,2,7,14,20,1,1,2,8,2,14,4.29,2.86,1.43,0,0,0,0,1,0,0,1,0,0,0
T'mbl,2,8,9,16,2,1,3,3,4,9,3.56,3.56,0.00,0,0,0,0,0,0,0,1,0,0,0
Squava,2,25,36,60,2,1,5,5,4,25,5.76,3.20,2.56,0,0,0,0,0,0,0,0,0,1,0
Squadro,2,32,45,76,2,1,7,7,8,45,6.22,3.38,2.84,0,0,0,0,0,0,0,1,0,0,0
Shakhmaty,2,64,81,144,12,2,8,8,4,64,6.56,3.50,3.06,0,0,0,0,0,0,0,0,0,1,0
Press Ups,2,49,64,112,3,2,7,7,4,49,6.37,3.43,2.94,0,0,0,0,0,0,0,0,0,1,0
Squaro,1,25,36,60,0,1,6,6,4,61,6.11,3.33,2.78,0,0,0,0,0,0,0,1,0,1,1
San-Noku-Narabe,2,4,9,12,2,2,3,3,4,15,4.44,2.67,1.78,0,0,0,0,0,0,0,1,0,1,0
Tides,2,25,36,60,2,2,5,5,4,27,5.76,3.20,2.56,0,0,0,0,0,0,0,0,0,1,0
Breakthrough Chess,2,64,81,144,12,1,8,8,4,64,6.56,3.50,3.06,0,0,0,0,0,0,0,0,0,1,0
Epelle,2,8,9,16,2,1,3,3,4,9,3.56,3.56,0.00,0,0,0,0,0,0,0,1,0,0,0
Ultimate Chess,2,81,100,180,12,1,9,9,4,81,6.72,3.56,3.16,0,0,0,0,0,0,0,0,0,1,0
Adzua,2,20,30,49,2,2,5,6,4,52,5.93,3.27,2.67,0,0,0,0,0,0,0,1,0,1,0
Ethiopian Capture Game,2,32,25,56,2,1,5,5,4,25,4.48,4.48,0.00,0,0,0,0,0,0,0,1,0,0,0
Arimaa,2,64,81,144,12,3,8,8,4,76,6.56,3.50,3.06,0,0,0,0,0,0,0,0,0,1,0
Awari,2,5,12,16,1,1,2,6,4,19,4.33,2.67,1.67,0,0,0,0,1,0,0,1,0,1,0
Havannah,2,169,384,552,2,1,15,15,6,169,10.44,5.47,4.97,0,0,0,0,0,0,0,0,0,1,0
Triple Tangle,2,13,18,30,2,1,5,5,12,61,5.00,3.33,1.67,0,0,0,0,0,0,0,1,1,1,0
Mangala (Suez),2,5,12,16,1,2,2,6,4,19,4.33,2.67,1.67,0,0,0,0,1,0,0,1,0,1,0
Mwambulula,2,21,32,52,1,2,4,8,4,55,5.88,3.25,2.62,0,0,0,0,1,0,0,1,0,1,0
Forge,2,35,48,82,2,2,8,6,4,48,6.33,3.42,2.92,0,0,0,0,0,0,0,1,0,0,0
Liu Tsi,2,8,9,16,2,2,3,3,4,19,3.56,3.56,0.00,0,0,0,0,0,0,0,1,0,1,0
Tsoro (Baia),2,36,52,87,1,2,4,13,4,54,6.12,3.35,2.77,0,0,0,0,1,0,0,1,0,1,0
Ikh Buga,2,160,129,288,2,1,13,13,28,130,4.96,4.47,0.50,0,0,0,0,0,0,0,1,0,1,0
Katsela,2,8,9,16,2,3,3,3,4,19,3.56,3.56,0.00,0,0,0,0,0,0,0,1,0,1,0
Selbia,2,8,9,16,2,1,3,3,4,11,3.56,3.56,0.00,0,0,0,0,0,0,0,1,0,1,0
Leyla Gobale (Gabradarre),2,5,12,16,1,2,2,6,4,19,4.33,2.67,1.67,0,0,0,0,1,0,0,1,0,1,0
Tower of Hanoi,1,3,8,10,3,1,1,3,2,3,1.33,1.33,0.00,1,0,0,0,0,0,0,0,0,1,0
Yonin Seireigi,4,81,100,180,60,1,9,9,4,109,6.72,3.56,3.16,0,0,0,0,0,0,0,0,0,1,0
Haretavl (Horsens),2,32,29,68,3,1,9,9,8,29,4.69,4.69,0.00,0,0,0,0,0,0,0,1,0,0,0
Domineering,2,36,49,84,2,1,6,6,4,36,6.11,3.33,2.78,0,0,0,0,0,0,0,0,0,1,0
Kaooa,2,6,10,15,2,2,5,9,5,18,3.50,3.00,0.50,0,0,0,0,0,0,0,1,0,1,0
Dam Hariman,2,40,37,76,2,1,9,5,10,37,4.54,4.11,0.43,0,0,0,0,0,0,0,1,0,0,0
Orthokon,2,9,16,24,2,1,4,4,4,16,5.25,3.00,2.25,0,0,0,0,0,0,0,1,0,0,0
Taktik,2,88,210,297,3,1,9,12,6,88,9.82,5.25,4.57,0,0,0,0,0,0,0,0,0,1,0
Shatranj (Turkey),2,64,81,144,12,1,8,8,4,64,6.56,3.50,3.06,0,0,0,0,0,0,0,0,0,1,0
Atomic Chess,2,64,81,144,12,1,8,8,4,64,6.56,3.50,3.06,0,0,0,0,0,0,0,0,0,1,0
Gasetavl (Gedved),2,56,45,100,2,1,9,9,12,45,4.44,4.44,0.00,0,0,0,0,0,0,0,1,0,0,0
Chisolo,2,18,28,45,1,2,4,7,4,30,5.79,3.21,2.57,0,0,0,0,1,0,0,1,0,1,0
Dai Hasami Shogi,2,81,100,180,2,1,9,9,4,81,6.72,3.56,3.16,0,0,0,0,0,0,0,0,0,1,0
La Dama,2,16,25,40,4,1,5,5,4,25,5.76,3.20,2.56,0,0,0,0,0,0,0,1,0,0,0
Sonka,2,6,12,17,1,2,2,7,2,12,4.17,2.83,1.33,0,0,0,0,1,0,0,1,0,0,0
Gamacha,2,11,24,34,1,2,2,12,4,26,4.67,2.83,1.83,0,0,0,0,1,0,0,1,0,1,0
Shantarad,2,25,36,60,2,2,5,5,4,27,5.76,3.20,2.56,0,0,0,0,0,0,0,0,0,1,0
Yeung Luk Sz' Kon Tseung Kwan,2,36,49,84,2,1,11,7,5,49,6.20,3.43,2.78,0,0,0,0,0,0,0,1,0,0,0
Manddiare,2,9,18,26,1,1,2,10,2,18,4.44,2.89,1.56,0,0,0,0,1,0,0,1,0,0,0
Zuz Mel (7x7),2,49,64,112,2,1,7,7,4,49,6.37,3.43,2.94,0,0,0,0,0,0,0,0,0,1,0
Yote,2,25,36,60,2,1,5,5,4,27,5.76,3.20,2.56,0,0,0,0,0,0,0,0,0,1,0
Double Chess,2,192,221,412,12,1,12,16,4,192,7.15,3.71,3.44,0,0,0,0,0,0,0,0,0,1,0
Resolve,2,64,81,144,2,1,9,9,4,81,6.72,3.56,3.16,0,0,0,0,0,0,0,1,0,0,0
Haretavl,2,12,11,22,2,2,3,5,2,25,4.00,4.00,0.00,0,0,0,0,0,0,0,1,0,1,0
Ashere,4,0,32,60,5,2,17,17,4,40,3.75,3.75,0.00,0,0,1,0,1,0,0,1,0,1,0
Chuka,1,0,5,5,1,1,3,3,5,5,2.00,2.00,0.00,0,0,0,0,1,0,0,1,0,0,0
Shatranj at-Tamma,2,100,121,220,14,1,10,10,4,100,6.84,3.60,3.24,0,0,0,0,0,0,0,0,0,1,0
Pushing Me XO,2,25,36,60,3,1,5,5,4,27,5.76,3.20,2.56,0,0,0,0,0,0,0,0,0,1,0
Solitario,2,20,31,50,2,1,7,5,7,31,5.55,3.23,2.32,0,0,0,0,0,0,0,1,0,0,0
Koti Keliya,2,144,169,312,2,2,12,12,4,144,7.03,3.67,3.36,0,0,0,0,0,0,0,0,0,1,0
Fortresse,2,40,33,72,2,1,7,7,16,33,4.36,4.36,0.00,0,0,0,0,0,0,0,1,0,0,0
Flume,2,81,100,180,3,1,9,9,4,81,6.72,3.56,3.16,0,0,0,0,0,0,0,0,0,1,0
Ahtarah Guti,2,40,37,76,2,1,9,5,10,37,4.54,4.11,0.43,0,0,0,0,0,0,0,1,0,0,0
Alquerque,2,32,25,56,2,1,5,5,4,25,4.48,4.48,0.00,0,0,0,0,0,0,0,1,0,0,0
Njombwa (Two Counters),2,21,32,52,1,1,4,8,4,32,5.88,3.25,2.62,0,0,0,0,1,0,0,1,0,0,0
Konane,2,100,121,220,2,3,10,10,4,100,6.84,3.60,3.24,0,0,0,0,0,0,0,0,0,1,0
Lielow,2,100,121,220,2,1,10,10,4,100,6.84,3.60,3.24,1,0,0,0,0,0,0,0,0,1,0
Lontu-Holo,2,7,14,20,1,6,2,8,2,14,4.29,2.86,1.43,0,0,0,0,1,0,0,1,0,0,0
Mweiso,2,21,32,52,1,2,4,8,4,34,5.88,3.25,2.62,0,0,0,0,1,0,0,1,0,1,0
Throngs,2,97,63,159,2,2,10,10,12,63,5.05,5.05,0.00,0,0,0,0,0,0,0,1,0,0,0
Currierspiel,2,96,117,212,18,2,8,12,4,96,6.79,3.58,3.21,0,0,0,0,0,0,0,0,0,1,0
Terhuchu (Small),2,32,25,56,2,1,5,5,4,25,4.48,4.48,0.00,0,0,0,0,0,0,0,1,0,0,0
Ouk Chatrang,2,64,81,144,12,1,8,8,4,74,6.56,3.50,3.06,0,0,0,0,0,0,0,0,0,1,0
Erherhe,2,7,14,20,1,2,2,8,2,14,4.29,2.86,1.43,0,0,0,0,1,0,0,1,0,0,0
Gala,2,25,36,60,2,2,5,5,4,27,5.76,3.20,2.56,0,0,0,0,0,0,0,0,0,1,0
Orissa Tiger Game (One Tiger),2,36,31,66,2,1,7,5,7,31,4.52,4.26,0.26,0,0,0,0,0,0,0,1,0,0,0
Pleasant Draughts,2,64,81,144,4,1,8,8,4,64,6.56,3.50,3.06,0,0,0,0,0,0,0,0,0,1,0
Pachgarhwa,2,4,10,13,1,1,2,5,4,16,4.20,2.60,1.60,0,0,0,0,1,0,0,1,0,1,0
Sujiken,1,45,100,108,0,1,9,9,9,45,6.04,3.20,2.84,0,0,0,0,0,0,0,0,0,1,1
Tre Guti,2,4,9,12,2,2,3,3,4,15,4.44,2.67,1.78,0,0,0,0,0,0,0,1,0,1,0
Tchela,2,18,36,48,1,3,4,11,12,36,4.67,2.67,2.00,0,0,0,0,1,0,0,1,0,0,0
Chaturanga (14x14),2,196,225,420,22,2,14,14,4,218,7.16,3.71,3.45,0,0,0,0,0,0,0,0,0,1,0
Tap Urdy,2,5,12,16,1,1,2,6,4,19,4.33,2.67,1.67,0,0,0,0,1,0,0,1,0,1,0
Cumisitha,2,36,31,68,2,1,7,5,7,31,4.52,4.39,0.13,0,0,0,0,0,0,0,1,0,0,0
Andada,2,11,24,34,1,2,2,12,4,26,4.67,2.83,1.83,0,0,0,0,1,0,0,1,0,1,0
Nerenchi Keliya,2,0,24,32,2,3,7,7,4,26,2.67,2.67,0.00,0,0,0,0,0,0,0,1,0,1,0
Isolo,2,21,32,52,1,5,4,8,4,34,5.88,3.25,2.62,0,0,0,0,1,0,0,1,0,1,0
Owela (Benguela),2,33,48,80,1,1,4,12,4,83,6.08,3.33,2.75,0,0,0,0,1,0,0,1,0,1,0
To Kinegi tou Lagou,2,8,41,64,6,4,11,11,4,53,3.12,3.12,0.00,0,0,0,0,0,0,0,1,0,1,0
La Chascona,2,0,24,32,2,2,7,7,4,26,2.67,2.67,0.00,0,0,0,0,0,0,0,1,0,1,0
Adi,2,7,14,20,1,2,2,8,2,14,4.29,2.86,1.43,0,0,0,0,1,0,0,1,0,0,0
Yavalax,2,169,196,364,2,2,13,13,4,169,7.10,3.69,3.41,0,0,0,0,0,0,0,0,0,1,0
El-Mthaltha,2,8,9,16,2,1,3,3,4,9,3.56,3.56,0.00,0,0,0,0,0,0,0,1,0,0,0
Flower Shop,2,127,294,420,3,1,13,13,6,127,10.20,5.39,4.82,0,0,0,0,0,0,0,0,0,1,0
Shodra,2,64,81,144,12,1,8,8,4,74,6.56,3.50,3.06,0,0,0,0,0,0,0,0,0,1,0
Chess (Siberia),2,81,100,180,12,2,9,9,4,81,6.72,3.56,3.16,0,0,0,0,0,0,0,0,0,1,0
Dala,2,36,49,84,2,3,6,6,4,38,6.11,3.33,2.78,0,0,0,0,0,0,0,0,0,1,0
Wali,2,30,42,71,3,2,5,6,4,32,5.93,3.27,2.67,0,0,0,0,0,0,0,0,0,1,0
Rongmei Naga Capturing Game,2,40,37,76,2,1,9,5,10,37,4.54,4.11,0.43,0,0,0,0,0,0,0,1,0,0,0
Janggi,2,72,90,161,14,1,10,9,4,90,6.78,3.58,3.20,0,0,0,0,0,0,0,1,0,0,0
Round Merels,2,0,9,16,2,2,3,3,8,11,3.56,3.56,0.00,0,0,0,0,0,0,0,1,0,1,0
Bug,2,19,54,72,2,1,5,5,6,19,7.58,4.42,3.16,0,0,0,0,0,0,0,0,0,1,0
Crossway,2,324,361,684,2,1,19,19,4,361,7.38,3.79,3.59,0,0,0,0,0,0,0,1,0,0,0
Gurvan Xudag,2,2,9,10,2,1,3,3,4,9,3.11,2.22,0.89,0,0,0,0,0,0,0,1,0,0,0
Spaiji,2,14,30,96,2,1,7,7,4,30,8.27,6.40,1.87,0,0,0,0,0,0,0,1,0,0,0
Glinski Chess,2,91,216,306,12,1,11,11,6,91,9.89,5.27,4.62,0,0,0,0,0,0,0,0,0,1,0
Dama (Italy),2,64,81,144,4,1,8,8,4,64,6.56,3.50,3.06,0,0,0,0,0,0,0,0,0,1,0
Spreta,2,27,40,66,1,2,4,10,4,40,6.00,3.30,2.70,0,0,0,0,1,0,0,1,0,0,0
Triodi (Chios),2,4,9,12,2,2,3,3,4,15,4.44,2.67,1.78,0,0,0,0,0,0,0,1,0,1,0
Smasandyutakankarikrida (Allahabad),2,64,73,136,2,1,17,17,20,73,4.60,3.73,0.88,0,0,0,0,0,0,0,1,0,0,0
Aboyne,2,61,150,210,2,1,9,9,6,61,9.44,5.11,4.33,0,0,0,0,0,0,0,0,0,1,0
Ngolo,2,24,36,59,1,1,4,9,4,36,5.94,3.28,2.67,0,0,0,0,1,0,0,1,0,0,0
Abalala'e,2,10,18,27,1,1,3,6,4,30,5.22,3.00,2.22,0,0,0,0,1,0,0,1,0,1,0
Baqura,2,5,12,16,1,3,2,6,4,19,4.33,2.67,1.67,0,0,0,0,1,0,0,1,0,1,0
Dabuda,2,9,20,28,1,2,2,10,4,31,4.60,2.80,1.80,0,0,0,0,1,0,0,1,0,1,0
Paitariya,2,0,24,32,2,1,7,7,4,26,2.67,2.67,0.00,0,0,0,0,0,0,0,1,0,1,0
Quela,2,15,24,38,1,4,4,6,4,41,5.67,3.17,2.50,0,0,0,0,1,0,0,1,0,1,0
Unnamed Dutch Draughts Game,2,100,121,220,6,1,10,10,4,100,6.84,3.60,3.24,0,0,0,0,0,0,0,0,0,1,0
Unachess,2,64,81,144,12,1,8,8,4,76,6.56,3.50,3.06,0,0,0,0,0,0,0,0,0,1,0
Tsoro Yemutatu (Triangle),2,0,7,10,2,2,3,5,3,9,2.86,2.86,0.00,0,0,0,0,0,0,0,1,0,1,0
Pretwa,2,0,19,36,2,1,7,7,6,19,3.79,3.79,0.00,0,0,0,0,0,0,0,1,0,0,0
NotChess,2,64,81,144,4,1,8,8,4,64,6.56,3.50,3.06,0,0,0,0,0,0,0,0,0,1,0
Crand,2,64,81,160,4,1,9,9,4,81,6.72,3.95,2.77,0,0,0,0,0,0,0,1,0,0,0
Netted,2,18,52,69,4,1,5,5,6,87,7.33,4.33,3.00,1,0,0,0,0,0,0,0,1,1,0
Puhulmutu,2,8,16,23,1,3,2,9,2,16,4.38,2.88,1.50,0,0,0,0,1,0,0,1,0,0,0
3D Tic-Tac-Toe,2,33,48,80,3,1,11,3,4,33,5.58,3.15,2.42,0,0,0,0,0,0,0,0,0,1,0
CrossGeo,2,1,56,35,3,1,13,17,35,35,0.80,0.80,0.00,0,0,0,0,0,0,0,0,1,0,0
Raquithue,2,30,48,77,2,1,8,7,9,48,5.71,3.21,2.50,0,0,0,0,0,0,0,1,0,0,0
Santorini,2,25,36,60,6,2,5,5,4,27,5.76,3.20,2.56,1,0,0,0,0,0,0,0,0,1,0
Hufesay,2,5,12,16,1,2,2,6,4,19,4.33,2.67,1.67,0,0,0,0,1,0,0,1,0,1,0
Bao Ki Arabu (Zanzibar 2),2,21,32,52,1,1,4,8,4,55,5.88,3.25,2.62,0,0,0,0,1,0,0,1,0,1,0
Yup'ik Checkers,2,64,81,144,4,1,8,8,4,64,6.56,3.50,3.06,0,0,0,0,0,0,0,0,0,1,0
Samurai Sudoku,1,369,436,804,0,1,21,21,20,369,6.98,3.64,3.34,0,0,0,0,0,0,0,0,0,1,1
Sabou'iyya,2,25,36,60,2,2,5,5,4,27,5.76,3.20,2.56,0,0,0,0,0,0,0,0,0,1,0
Sneakthrough,2,64,81,144,2,1,8,8,4,64,6.56,3.50,3.06,0,0,1,0,0,0,0,0,0,1,0
Boukerourou,2,3,8,10,1,1,2,4,4,8,4.00,2.50,1.50,0,0,0,0,1,0,0,1,0,0,0
Mangala (Turkey),2,6,14,19,1,1,2,7,4,22,4.43,2.71,1.71,0,0,0,0,1,0,0,1,0,1,0
Wan Fu Cave Game,2,32,25,56,2,1,5,5,4,25,4.48,4.48,0.00,0,0,0,0,0,0,0,1,0,0,0
Manifold,2,61,150,210,3,1,9,9,6,61,9.44,5.11,4.33,0,0,0,0,0,0,0,0,0,1,0
Fivalath,2,81,100,180,2,1,10,10,4,100,6.84,3.60,3.24,0,0,0,0,0,0,0,1,0,0,0
Medieval Chess,2,64,81,144,12,1,8,8,4,64,6.56,3.50,3.06,0,0,0,0,0,0,0,0,0,1,0
Salta,2,100,121,220,30,1,10,10,4,100,6.84,3.60,3.24,0,0,0,0,0,0,0,0,0,1,0
Santaraj,2,64,81,144,12,1,8,8,4,74,6.56,3.50,3.06,0,0,0,0,0,0,0,0,0,1,0
Product,2,61,150,210,2,1,9,9,6,61,9.44,5.11,4.33,0,0,0,0,0,0,0,0,0,1,0
Kriegsspiel,2,1617,1700,3316,17,5,33,49,4,1629,7.70,3.90,3.80,0,0,1,0,0,0,0,0,0,1,0
McCooey Chess,2,91,216,306,12,1,11,11,6,91,9.89,5.27,4.62,0,0,0,0,0,0,0,0,0,1,0
Pippinzip (Zipline variant),2,144,169,312,2,2,13,13,4,169,7.10,3.69,3.41,0,0,0,0,0,0,0,1,0,0,0
Paintbucket,2,64,81,144,2,1,8,8,4,64,6.56,3.50,3.06,0,0,0,0,0,0,0,0,0,1,0
Symbol S.2,2,5,12,16,2,2,4,4,12,19,3.00,2.67,0.33,0,0,0,0,0,0,0,1,0,1,0
Louis XVI,2,79,294,276,3,1,13,13,12,79,9.42,5.01,4.41,0,0,0,0,0,0,0,0,0,1,0
Baghchal,2,32,25,56,2,2,5,5,4,58,4.48,4.48,0.00,0,0,0,0,0,0,0,1,0,1,0
OddEvenTree,2,6,8,12,1,1,8,8,4,12,4.00,4.00,0.00,0,0,0,0,0,0,0,0,1,0,0
Lisolo,2,21,32,52,1,2,4,8,4,32,5.88,3.25,2.62,0,0,0,0,1,0,0,1,0,0,0
Roman Small Merels,2,4,9,12,2,2,3,3,4,15,4.44,2.67,1.78,0,0,0,0,0,0,0,1,0,1,0
Quiela,2,18,28,45,1,3,4,7,4,30,5.79,3.21,2.57,0,0,0,0,1,0,0,1,0,1,0
Adere,2,36,97,132,2,1,8,8,3,36,8.17,4.67,3.50,1,0,0,0,0,0,0,0,0,1,0
Madelinette,2,4,7,11,2,1,3,3,4,7,3.14,3.14,0.00,0,0,0,0,0,0,0,1,0,0,0
Li'b al-Sidr,2,0,24,40,2,2,7,7,4,26,3.33,3.33,0.00,0,0,0,0,0,0,0,1,0,1,0
Squish,2,61,150,210,2,1,9,9,6,61,9.44,5.11,4.33,0,0,0,0,0,0,0,0,0,1,0
Gala (Buginese),2,49,64,112,2,3,7,7,4,51,6.37,3.43,2.94,0,0,0,0,0,0,0,0,0,1,0
Manu,2,40,33,72,2,2,7,7,16,74,4.36,4.36,0.00,0,0,0,0,0,0,0,1,0,1,0
Nedilmarth,2,16,9,20,1,1,5,5,12,20,8.00,8.00,0.00,0,0,0,0,0,0,0,0,1,0,0
Samantsy,2,64,81,144,12,1,8,8,4,64,6.56,3.50,3.06,0,0,0,0,0,0,0,0,0,1,0
Horde Chess,2,64,81,144,12,1,8,8,4,64,6.56,3.50,3.06,0,0,0,0,0,0,0,0,0,1,0
Ratio,2,4,8,16,2,2,4,4,2,9,4.00,4.00,0.00,0,0,0,0,0,0,0,1,0,1,0
Celticator,2,41,44,84,3,1,11,11,4,127,6.24,1.76,3.51,0,0,0,0,0,0,0,0,1,1,0
Plotto,2,1261,2646,3906,4,1,41,41,6,1265,11.42,5.80,5.61,0,0,0,0,0,0,0,0,0,1,0
Kay,2,7,14,20,1,1,2,8,2,14,4.29,2.86,1.43,0,0,0,0,1,0,0,1,0,0,0
Nao Guti,2,0,24,32,2,2,7,7,4,26,2.67,2.67,0.00,0,0,0,0,0,0,0,1,0,1,0
Zamma,2,128,81,208,4,1,9,9,4,81,5.14,5.14,0.00,0,0,0,0,0,0,0,1,0,0,0
Susan,2,61,150,210,2,1,9,9,6,61,9.44,5.11,4.33,0,0,0,0,0,0,0,0,0,1,0
Spava,2,14,30,96,3,1,4,4,4,33,8.27,6.40,1.87,0,0,0,0,0,0,0,1,0,1,0
Lam Waladach,2,5,12,16,1,3,2,6,4,19,4.33,2.67,1.67,0,0,0,0,1,0,0,1,0,1,0
Rumi Shatranj,2,64,81,144,12,3,8,8,4,74,6.56,3.50,3.06,0,0,0,0,0,0,0,0,0,1,0
Wumpus World,1,16,25,40,2,1,4,4,4,17,5.25,3.00,2.25,0,0,0,0,0,0,0,0,0,1,0
I,2,2,6,7,1,1,2,3,4,10,3.67,2.33,1.33,0,0,0,0,1,0,0,1,0,1,0
Xarajlt,2,8,15,22,2,1,5,3,4,15,5.07,2.93,2.13,0,0,0,0,0,0,0,1,0,0,0
Renard et les Poules,2,40,33,72,2,2,7,7,16,34,4.36,4.36,0.00,0,0,0,0,0,0,0,1,0,1,0
Persian Chess with a Queen,2,64,81,144,12,1,8,8,4,64,6.56,3.50,3.06,0,0,0,0,0,0,0,0,0,1,0
Neutreeko,2,25,36,60,2,1,5,5,4,25,5.76,3.20,2.56,0,0,0,0,0,0,0,0,0,1,0
Kisolo (Lali),2,21,32,52,1,1,4,8,4,34,5.88,3.25,2.62,0,0,0,0,1,0,0,1,0,1,0
TacTix,2,16,25,40,1,1,4,4,4,16,5.25,3.00,2.25,0,0,0,0,0,0,0,0,0,1,0
Seega,2,25,36,60,2,2,5,5,4,27,5.76,3.20,2.56,0,0,0,0,0,0,0,0,0,1,0
Satoel,2,136,93,228,2,1,13,9,10,93,5.08,4.90,0.17,0,0,0,0,0,0,0,1,0,0,0
Anti-Knight Sudoku,1,81,100,180,0,1,9,9,4,81,6.72,3.56,3.16,0,0,0,0,0,0,0,0,0,1,1
Altiev,2,5,12,16,1,1,2,6,4,14,4.33,2.67,1.67,0,0,0,0,1,0,0,1,0,1,0
Len Cua Kin Ngoa,2,16,25,40,2,4,4,4,4,17,5.25,3.00,2.25,0,0,0,0,0,0,0,0,0,1,0
Hexade,2,169,384,552,2,1,15,15,6,169,10.44,5.47,4.97,0,0,0,0,0,0,0,0,0,1,0
Grande Acedrex,2,144,169,312,16,1,12,12,4,144,7.03,3.67,3.36,0,0,0,0,0,0,0,0,0,1,0
Jeson Mor,2,81,100,180,2,1,9,9,4,81,6.72,3.56,3.16,0,0,0,0,0,0,0,0,0,1,0
Dam (Singapore),2,40,37,76,2,1,9,5,10,37,4.54,4.11,0.43,0,0,0,0,0,0,0,1,0,0,0
Unashogi,2,81,100,180,28,1,9,9,4,97,6.72,3.56,3.16,0,0,0,0,0,0,0,0,0,1,0
Fibonacci Nim,2,1,4,4,1,1,1,1,1,1,0.00,0.00,0.00,0,0,0,0,0,0,0,0,0,1,0
Blue Nile,2,61,150,210,1,2,9,9,6,61,9.44,5.11,4.33,0,0,0,0,0,0,0,0,0,1,0
Center,2,64,81,144,2,1,9,9,4,81,6.72,3.56,3.16,0,0,0,0,0,0,0,1,0,0,0
Cheng Fang Cheng Long,2,16,25,40,2,3,5,5,4,43,5.76,3.20,2.56,0,0,0,0,0,0,0,1,0,1,0
Pylos,2,14,30,96,2,1,4,4,4,32,8.27,6.40,1.87,0,0,0,0,0,0,0,1,0,1,0
Lasca,2,49,64,112,4,1,7,7,4,49,6.37,3.43,2.94,1,0,0,0,0,0,0,0,0,1,0
Manipur Capturing Game,2,16,25,48,2,1,5,5,4,27,5.76,3.84,1.92,0,0,0,0,0,0,0,1,0,1,0
Jostle,2,100,121,220,2,1,10,10,4,100,6.84,3.60,3.24,0,0,0,0,0,0,0,0,0,1,0
Complica,2,4,10,13,2,1,1,4,2,4,1.50,1.50,0.00,1,0,0,0,0,0,0,0,0,1,0
The Babylonian,2,100,121,220,2,1,10,10,4,100,6.84,3.60,3.24,0,0,0,0,0,0,0,0,0,1,0
Kyoto Shogi,2,25,36,60,18,1,5,5,4,33,5.76,3.20,2.56,0,0,0,0,0,0,0,0,0,1,0
Chess Puzzle,2,64,81,144,12,1,8,8,4,64,6.56,3.50,3.06,0,0,0,0,0,0,0,0,0,1,0
Puma,2,36,31,68,2,1,7,5,7,31,4.52,4.39,0.13,0,0,0,0,0,0,0,1,0,0,0
Ludus Coriovalli,2,0,10,15,2,2,4,3,4,12,3.00,3.00,0.00,0,0,0,0,0,0,0,1,0,1,0
English Draughts,2,64,81,144,4,1,8,8,4,64,6.56,3.50,3.06,0,0,0,0,0,0,0,0,0,1,0
Main Chator,2,64,81,144,12,1,8,8,4,64,6.56,3.50,3.06,0,0,0,0,0,0,0,0,0,1,0
Malomjatek,2,0,24,32,2,2,7,7,4,26,2.67,2.67,0.00,0,0,0,0,0,0,0,1,0,1,0
Dai Seireigi,2,225,256,480,100,1,15,15,4,285,7.22,3.73,3.48,0,0,0,0,0,0,0,0,0,1,0
Contagion,2,64,81,144,2,3,8,8,4,208,6.56,3.50,3.06,0,0,0,0,0,0,0,0,1,1,0
Chucka,2,37,96,132,2,2,7,7,6,37,8.76,4.86,3.89,0,0,0,0,0,0,0,0,0,1,0
Sim,2,2,6,15,2,1,7,5,15,15,8.00,8.00,0.00,0,0,0,0,0,0,0,0,1,0,0
Apit,2,64,81,144,2,1,8,8,4,64,6.56,3.50,3.06,0,0,0,0,0,0,0,0,0,1,0
Tibetan Jiuqi,2,49,64,112,2,5,8,8,4,115,6.56,3.50,3.06,0,0,0,0,0,0,0,1,0,1,0
Crusade,2,64,81,144,2,1,8,8,4,64,6.56,3.50,3.06,0,0,0,0,0,0,0,0,0,1,0
Papan Dakon,2,8,16,23,1,2,2,9,2,16,4.38,2.88,1.50,0,0,0,0,1,0,0,1,0,0,0
Njombwa (One Counter),2,21,32,52,1,4,4,8,4,32,5.88,3.25,2.62,0,0,0,0,1,0,0,1,0,0,0
Doov,2,64,81,144,4,1,8,8,4,64,6.56,3.50,3.06,0,0,0,0,0,0,0,0,0,1,0
Daramuti,2,8,16,23,1,3,2,9,2,16,4.38,2.88,1.50,0,0,0,0,1,0,0,1,0,0,0
Les Pendus,2,8,9,16,2,2,3,3,4,19,3.56,3.56,0.00,0,0,0,0,0,0,0,1,0,1,0
Challis Ghutia (Titagarh),2,128,81,208,2,1,9,9,4,81,5.14,5.14,0.00,0,0,0,0,0,0,0,1,0,0,0
Ti,2,7,14,20,1,2,2,8,2,14,4.29,2.86,1.43,0,0,0,0,1,0,0,1,0,0,0
Demala Diviyan Keliya,2,12,23,38,2,2,5,15,5,36,4.87,3.30,1.57,0,0,0,0,0,0,0,1,0,1,0
Line and Cross,2,0,35,30,1,1,9,17,21,30,2.00,2.00,0.00,0,0,0,0,0,0,0,0,1,0,0
The Concentration Game,2,6,12,17,1,1,3,4,4,12,4.83,2.83,2.00,0,0,0,0,1,0,0,1,0,0,0
Aime,4,29,35,60,10,2,17,17,7,72,6.74,3.43,3.31,0,0,1,0,1,0,0,1,0,1,0
Weiqi,2,324,361,684,2,1,19,19,4,361,7.38,3.79,3.59,0,0,0,0,0,0,0,1,0,0,0
Leyla Gobale (Somaliland),2,5,12,16,1,1,2,6,4,19,4.33,2.67,1.67,0,0,0,0,1,0,0,1,0,1,0
Sam K'i,2,0,24,40,2,2,7,7,4,26,3.33,3.33,0.00,1,0,0,0,0,0,0,1,0,1,0
A-i-u,2,5,12,16,1,1,2,6,4,19,4.33,2.67,1.67,0,0,0,0,1,0,0,1,0,1,0
Traffic Lights,2,12,20,31,3,1,3,4,4,12,4.83,2.83,2.00,0,0,0,0,0,0,0,0,0,1,0
Sowing,2,0,8,7,1,1,1,8,2,10,1.75,1.75,0.00,1,0,0,0,1,0,0,1,0,1,0
Hawalis,2,18,28,45,1,1,4,7,4,48,5.79,3.21,2.57,0,0,0,0,1,0,0,1,0,1,0
Chaturanga,2,64,81,144,12,1,8,8,4,64,6.56,3.50,3.06,0,0,0,0,0,0,0,0,0,1,0
Hewakam Keliya,2,40,37,76,2,1,9,5,10,37,4.54,4.11,0.43,0,0,0,0,0,0,0,1,0,0,0
Bam Blang Beh Khla,2,2,10,12,2,1,4,3,2,10,2.40,2.40,0.00,0,0,0,0,0,0,0,1,0,0,0
Spinimax,3,14,30,96,3,1,7,7,4,30,8.27,6.40,1.87,0,0,0,0,0,0,0,1,0,0,0
Tic-Tac-Four,4,25,36,60,4,1,5,5,4,25,5.76,3.20,2.56,0,0,0,0,0,0,0,0,0,1,0
BlooGo,2,64,81,144,2,1,9,9,4,81,6.72,3.56,3.16,0,0,0,0,0,0,0,1,0,0,0
Boop,2,36,49,84,4,1,6,6,4,36,6.11,3.33,2.78,0,0,0,0,0,0,0,0,0,1,0
All Queens Chess,2,25,36,60,2,1,5,5,4,25,5.76,3.20,2.56,0,0,0,0,0,0,0,0,0,1,0
Kalah,2,7,14,20,1,1,2,8,2,14,4.29,2.86,1.43,0,0,0,0,1,0,0,1,0,0,0
Gwyddbwyll,2,64,81,144,12,1,8,8,4,64,6.56,3.50,3.06,0,0,0,0,0,0,0,0,0,1,0
Um el Banat,2,5,12,16,1,2,2,6,4,19,4.33,2.67,1.67,0,0,0,0,1,0,0,1,0,1,0
Taiji,2,81,100,180,2,1,9,9,4,81,6.72,3.56,3.16,0,0,0,0,0,0,0,0,0,1,0
Motiq,2,6,14,19,1,2,2,7,4,22,4.43,2.71,1.71,0,0,0,0,1,0,0,1,0,1,0
Oure Ngat,2,3,8,10,1,1,2,4,4,13,4.00,2.50,1.50,0,0,0,0,1,0,0,1,0,1,0
Kos,2,49,64,112,9,2,7,7,4,51,6.37,3.43,2.94,1,0,0,0,0,0,0,0,0,1,0
Hamiltonian Maze,1,19,33,50,1,1,6,6,5,83,5.70,3.03,2.67,0,0,0,0,0,0,0,1,1,0,0
Chaturanga (12x12),2,144,169,312,16,1,12,12,4,144,7.03,3.67,3.36,0,0,0,0,0,0,0,0,0,1,0
Lotus,2,61,72,132,2,1,16,21,18,72,5.92,3.67,2.25,0,0,0,0,0,0,0,1,0,0,0
Queen's Four,2,180,208,387,2,1,12,15,4,180,7.12,3.70,3.42,0,0,0,0,0,0,0,0,0,1,0
4 Squared,2,64,100,160,2,1,10,10,16,102,5.76,3.20,2.56,0,0,0,0,0,0,0,1,0,1,0
Bagh Bandi,2,40,37,76,2,2,9,5,10,78,4.54,4.11,0.43,1,0,0,0,0,0,0,1,0,1,0
Kotu Ellima,2,48,49,96,2,1,9,9,16,49,4.57,3.92,0.65,0,0,0,0,0,0,0,1,0,0,0
Gasetavl,2,80,53,132,2,1,9,9,16,53,4.98,4.98,0.00,0,0,0,0,0,0,0,1,0,0,0
Chaturanga (Payagunda),2,64,81,144,12,1,8,8,4,64,6.56,3.50,3.06,0,0,0,0,0,0,0,0,0,1,0
Splade,3,14,30,96,3,1,4,4,4,30,8.27,6.40,1.87,0,0,0,0,0,0,0,1,0,0,0
Pulijudamu,2,8,19,30,2,3,5,9,5,29,4.42,3.16,1.26,0,0,0,0,0,0,0,1,0,1,0
Wong,2,64,81,144,2,2,9,9,4,81,6.72,3.56,3.16,0,0,0,0,0,0,0,1,0,0,0
Roll-Ing to Four,2,27,40,66,2,1,10,4,4,40,6.00,3.30,2.70,0,0,0,0,0,0,0,1,0,0,0
Fill A Pix,1,100,121,220,0,1,10,10,4,100,6.84,3.60,3.24,0,0,0,0,0,0,0,0,0,1,1
Kotu Baendum,2,8,16,23,1,4,2,9,2,16,4.38,2.88,1.50,0,0,0,0,1,0,0,1,0,0,0
SupplierSabotage,2,36,94,129,2,1,7,7,6,36,8.67,4.83,3.83,0,0,0,0,0,0,0,0,0,1,0
Splice,2,14,30,96,3,1,4,4,4,33,8.27,6.40,1.87,0,0,0,0,0,0,0,1,0,1,0
Onek Rong,2,0,31,72,2,1,7,7,12,31,4.65,4.65,0.00,0,0,0,0,0,0,0,1,0,0,0
Nzengue (Large),2,0,16,20,2,2,5,5,4,18,2.50,2.50,0.00,0,0,0,0,0,0,0,1,0,1,0
Coc-Inbert,2,64,81,144,4,1,8,8,4,64,6.56,3.50,3.06,0,0,0,0,0,0,0,0,0,1,0
Merimueng-rimueng-do,2,0,23,38,2,2,5,21,5,25,3.30,3.30,0.00,0,0,0,0,0,0,0,1,0,1,0
Diamond,2,72,62,133,3,2,8,8,6,136,5.84,4.29,1.55,0,0,0,0,0,0,0,1,0,1,0
Patok,2,324,361,684,2,2,19,19,4,361,7.38,3.79,3.59,0,0,0,0,0,0,0,1,0,0,0
Omega Chess,2,104,169,236,16,1,12,12,4,104,6.65,3.46,3.19,0,0,0,0,0,0,0,0,0,1,0
Riga,2,32,25,56,2,1,5,5,4,25,4.48,4.48,0.00,0,0,0,0,0,0,0,1,0,0,0
American Pool Checkers,2,64,81,144,4,1,8,8,4,64,6.56,3.50,3.06,0,0,0,0,0,0,0,0,0,1,0
Nzengue (Small),2,0,9,12,2,1,3,3,4,11,2.67,2.67,0.00,0,0,0,0,0,0,0,1,0,1,0
Affinage,2,64,81,144,1,1,8,8,4,64,6.56,3.50,3.06,0,0,0,0,0,0,0,0,0,1,0
Awagagae,2,5,12,16,1,2,2,6,4,19,4.33,2.67,1.67,0,0,0,0,1,0,0,1,0,1,0
Tron,2,100,121,220,4,1,10,10,4,100,6.84,3.60,3.24,0,0,0,0,0,0,0,0,0,1,0
Leap Frog,2,64,81,144,2,1,8,8,4,64,6.56,3.50,3.06,0,0,0,0,0,0,0,0,0,1,0
Mughrabieh,2,12,26,37,4,1,2,13,4,28,4.69,2.85,1.85,0,0,0,0,0,0,0,1,0,1,0
Tawlbwrdd,2,121,144,264,3,1,11,11,4,121,6.94,3.64,3.31,0,0,0,0,0,0,0,0,0,1,0
Selayar Game,2,40,37,76,2,1,9,5,10,39,4.54,4.11,0.43,1,0,0,0,0,0,0,1,0,1,0
Tuknanavuhpi,2,64,41,104,2,1,9,9,4,41,5.07,5.07,0.00,0,0,0,0,0,0,0,1,0,0,0
Y (Hex),2,216,127,342,2,1,13,13,6,127,5.39,5.39,0.00,0,0,0,0,0,0,0,1,0,0,0
Ultimate Tic-Tac-Toe,2,90,116,204,4,1,9,9,8,90,6.49,3.47,3.02,0,0,0,0,0,0,0,0,0,1,0
Morpion Solitaire,1,1444,400,1482,1,1,20,20,4,1882,7.41,7.41,0.00,0,0,0,0,0,0,0,1,1,0,0
Chiana wa Bwalo,2,45,64,108,1,1,4,16,4,111,6.19,3.38,2.81,0,0,0,0,1,0,0,1,0,1,0
Omny,2,127,294,420,2,1,13,13,6,127,10.20,5.39,4.82,0,0,0,0,0,0,0,0,0,1,0
Qirkat,2,32,25,56,2,1,5,5,4,25,4.48,4.48,0.00,0,0,0,0,0,0,0,1,0,0,0
Broken Line,2,121,286,406,2,1,11,11,4,121,9.92,5.29,4.63,0,0,0,0,0,0,0,0,0,1,0
Short Assize,2,64,81,144,12,1,8,8,4,64,6.56,3.50,3.06,1,0,0,0,0,0,0,0,0,1,0
Fenix,2,81,100,180,2,2,9,9,4,81,6.72,3.56,3.16,1,0,0,0,0,0,0,0,0,1,0
Shatranj al-Kabir,2,123,148,270,22,1,11,13,6,123,6.93,3.61,3.32,0,0,0,0,0,0,0,0,0,1,0
Sahkku (Lujavv'r),2,64,81,144,4,1,8,8,4,64,6.56,3.50,3.06,0,0,0,0,0,0,0,0,0,1,0
Fergen Gobale,2,4,14,15,1,2,2,8,10,20,3.29,2.14,1.14,0,0,0,0,1,0,0,1,0,1,0
Speedo,3,14,30,96,3,1,7,7,4,30,8.27,6.40,1.87,0,0,0,0,0,0,0,1,0,0,0
Dama (Comoros),2,64,81,144,4,1,8,8,4,64,6.56,3.50,3.06,0,0,0,0,0,0,0,0,0,1,0
Kisolo,2,18,28,45,1,1,4,7,4,28,5.79,3.21,2.57,0,0,0,0,1,0,0,1,0,0,0
Chu Seireigi,2,144,169,312,64,1,12,12,4,182,7.03,3.67,3.36,0,0,0,0,0,0,0,0,0,1,0
Krida Buddhibalasrita,2,64,81,144,12,1,8,8,4,64,6.56,3.50,3.06,0,0,0,0,0,0,0,0,0,1,0
Rio Kadalis,2,5,12,16,1,2,2,6,4,19,4.33,2.67,1.67,0,0,0,0,1,0,0,1,0,1,0
Dum Blas,2,100,121,220,4,1,10,10,4,100,6.84,3.60,3.24,0,0,0,0,0,0,0,0,0,1,0
Six-Penny Madell,2,0,18,24,2,2,9,13,3,20,2.67,2.67,0.00,0,0,0,0,0,0,0,1,0,1,0
Dragonchess,2,124,151,274,14,1,10,16,12,124,6.84,3.58,3.26,0,0,0,0,0,0,0,0,0,1,0
Co Chan Cho,2,4,5,8,2,1,3,3,4,5,3.20,3.20,0.00,0,0,0,0,0,0,0,1,0,0,0
Andot,2,5,12,16,1,1,2,6,4,12,4.33,2.67,1.67,0,0,0,0,1,0,0,1,0,0,0
Pente,2,324,361,684,2,2,19,19,4,361,7.38,3.79,3.59,0,0,0,0,0,0,0,1,0,0,0
Yavalath,2,61,150,210,2,1,9,9,6,61,9.44,5.11,4.33,0,0,0,0,0,0,0,0,0,1,0
Oumoul Kono,2,4,5,8,2,1,3,3,4,5,3.20,3.20,0.00,0,0,0,0,0,0,0,1,0,0,0
Andantino,2,1261,2646,3906,2,1,41,41,6,1261,11.42,5.80,5.61,0,0,0,0,0,0,0,0,0,1,0
Mangala (Bedouin),2,5,12,16,1,4,2,6,4,20,4.33,2.67,1.67,0,0,0,0,1,0,0,1,0,1,0
Dorvon Cag,2,0,5,6,2,2,3,3,4,7,2.40,2.40,0.00,0,0,0,0,0,0,0,1,0,1,0
Ikibuguzo (Opening 2),2,21,32,52,1,2,4,8,4,34,5.88,3.25,2.62,0,0,0,0,1,0,0,1,0,1,0
Tapata,2,11,24,34,1,2,2,12,4,24,4.67,2.83,1.83,0,0,0,0,1,0,0,1,0,0,0
Tauru,2,30,42,71,2,2,5,6,4,32,5.93,3.27,2.67,0,0,0,0,0,0,0,0,0,1,0
Quathaxx,2,96,121,216,2,1,37,52,6,96,6.69,3.50,3.06,0,0,0,0,0,0,0,0,0,1,0
Shatranj ar-Rumiya,2,64,81,144,12,1,32,32,16,64,6.50,3.50,3.00,0,0,0,0,0,0,0,0,0,1,0
Hund efter Hare (Thy),2,8,21,48,2,1,5,7,2,21,6.10,4.57,1.52,0,0,0,0,0,0,0,1,0,0,0
Sungka,2,8,16,23,1,2,2,9,2,16,4.38,2.88,1.50,0,0,0,0,1,0,0,1,0,0,0
Barbarian,2,64,81,144,2,1,8,8,4,64,6.56,3.50,3.06,0,0,0,0,0,0,0,0,0,1,0
Ntyenge,2,7,16,22,1,1,2,8,4,25,4.50,2.75,1.75,0,0,0,0,1,0,0,1,0,1,0
O An Quan,2,6,12,17,2,2,2,7,2,22,4.17,2.83,1.33,1,0,0,0,1,0,0,1,0,1,0
Groups,2,64,81,144,2,1,8,8,4,64,6.56,3.50,3.06,0,0,0,0,0,0,0,0,0,1,0
Claustro,2,37,27,63,2,1,6,6,6,27,4.67,4.67,0.00,0,0,0,0,0,0,0,1,0,0,0
Djara-Badakh,2,4,9,12,2,2,3,3,4,15,4.44,2.67,1.78,0,0,0,0,0,0,0,1,0,1,0
Lewthwaite's Game,2,16,25,40,2,1,5,5,4,25,5.76,3.20,2.56,0,0,0,0,0,0,0,1,0,0,0
King's Valley,2,25,36,60,4,1,5,5,4,25,5.76,3.20,2.56,0,0,0,0,0,0,0,0,0,1,0
Mandoli,2,5,12,16,1,1,2,6,4,19,4.33,2.67,1.67,0,0,0,0,1,0,0,1,0,1,0
Capture the Queen,2,64,81,144,2,1,8,8,4,64,6.56,3.50,3.06,0,0,0,0,0,0,0,0,0,1,0
Shatranj (Iraq),2,64,81,144,12,1,8,8,4,64,6.56,3.50,3.06,0,0,0,0,0,0,0,0,0,1,0
Verge,2,61,150,210,2,1,9,9,6,61,9.44,5.11,4.33,0,0,0,0,0,0,0,0,0,1,0
Tandems,2,25,36,60,2,1,5,5,4,25,5.76,3.20,2.56,0,0,0,0,0,0,0,0,0,1,0
Diagonals (2002),2,36,50,85,3,1,5,10,4,50,6.28,3.40,2.88,0,0,0,0,0,0,0,1,0,0,0
Julbahar,2,12,26,37,4,1,2,13,4,28,4.69,2.85,1.85,0,0,0,0,0,0,0,1,0,1,0
Shisima,2,0,9,16,2,1,3,3,8,9,3.56,3.56,0.00,0,0,0,0,0,0,0,1,0,0,0
Chungcajon,2,8,16,23,1,1,2,9,2,16,4.38,2.88,1.50,0,0,0,0,1,0,0,1,0,0,0
Mbelele,2,13,36,42,1,1,3,20,16,36,3.78,2.33,1.44,0,0,0,0,1,0,0,1,0,0,0
Li'b al-Ghashim,2,5,12,16,1,3,2,6,4,19,4.33,2.67,1.67,0,0,0,0,1,0,0,1,0,1,0
Agapi,2,64,81,144,3,1,8,8,4,64,6.56,3.50,3.06,0,0,0,0,0,0,0,0,0,1,0
Gauntlet,2,64,81,144,4,1,8,8,4,64,6.56,3.50,3.06,0,0,0,0,0,0,0,0,0,1,0
Scachs,2,64,81,144,12,1,8,8,4,64,6.56,3.50,3.06,0,0,0,0,0,0,0,0,0,1,0
Sher Bakr,2,0,7,10,2,1,5,5,3,9,2.86,2.86,0.00,1,0,0,0,0,0,0,1,0,1,0
Connect Four,2,7,16,22,2,1,1,7,2,7,1.71,1.71,0.00,1,0,0,0,0,0,0,0,0,1,0
Marelle Quadruple,2,32,25,56,2,2,5,5,4,59,4.48,4.48,0.00,0,0,0,0,0,0,0,1,0,1,0
Dig Dig,2,0,24,40,2,2,7,7,4,26,3.33,3.33,0.00,1,0,0,0,0,0,0,1,0,1,0
Social Distance Chess,2,120,144,263,12,1,8,15,4,120,6.88,3.62,3.27,0,0,0,0,0,0,0,0,0,1,0
Mweso,2,21,32,52,1,2,4,8,4,34,5.88,3.25,2.62,0,0,0,0,1,0,0,1,0,1,0
Fanorona,2,64,45,108,2,1,5,9,4,45,4.80,4.80,0.00,0,0,0,0,0,0,0,1,0,0,0
Breakback,2,64,81,144,2,1,8,8,4,64,6.56,3.50,3.06,0,0,0,0,0,0,0,0,0,1,0
Schachzabel,2,64,81,144,12,1,8,8,4,64,6.56,3.50,3.06,0,0,0,0,0,0,0,0,0,1,0
Mysore Tiger Game (Three Tigers),2,12,23,38,2,3,5,15,5,37,4.87,3.30,1.57,0,0,0,0,0,0,0,1,0,1,0
Compart,2,100,121,220,2,1,11,11,4,121,6.94,3.64,3.31,0,0,0,0,0,0,0,1,0,0,0
Lifeline,2,127,294,420,3,2,13,13,6,128,10.20,5.39,4.82,1,0,0,0,0,0,0,0,0,1,0
Draughts (12x12),2,144,169,312,4,1,12,12,4,144,7.03,3.67,3.36,0,0,0,0,0,0,0,0,0,1,0
Engijn Zirge,2,8,9,16,2,2,3,3,4,19,3.56,3.56,0.00,0,0,0,0,0,0,0,1,0,1,0
Tobi Shogi,2,81,100,180,12,1,9,9,4,81,6.72,3.56,3.16,0,0,0,0,0,0,0,0,0,1,0
Obridje,2,7,14,20,1,1,2,8,2,14,4.29,2.86,1.43,0,0,0,0,1,0,0,1,0,0,0
La Yagua,2,36,31,68,2,1,7,5,7,31,4.52,4.39,0.13,0,0,0,0,0,0,0,1,0,0,0
Gurgaldaj,2,0,18,30,2,2,9,13,3,20,3.33,3.33,0.00,0,0,0,0,0,0,0,1,0,1,0
MacBeth,2,72,216,306,1,2,11,11,6,72,6.67,3.50,3.17,0,0,0,0,0,0,0,0,0,1,0
Breakthrough Checkers,2,64,81,144,2,1,8,8,4,64,6.56,3.50,3.06,0,0,0,0,0,0,0,0,0,1,0
Long Assize,2,64,81,144,12,1,8,8,4,64,6.56,3.50,3.06,0,0,0,0,0,0,0,0,0,1,0
Whyo,2,7,14,20,1,1,2,8,2,14,4.29,2.86,1.43,0,0,0,0,1,0,0,1,0,0,0
Niranchy,2,0,24,40,2,2,7,7,4,26,3.33,3.33,0.00,0,0,0,0,0,0,0,1,0,1,0
India,2,36,49,84,2,1,6,6,4,38,6.11,3.33,2.78,0,0,0,0,0,0,0,0,0,1,0
Takuzu,1,100,121,220,0,1,10,10,4,100,6.84,3.60,3.24,0,0,0,0,0,0,0,0,0,1,1
Boseog Gonu,2,8,13,24,2,1,5,5,4,13,3.69,3.69,0.00,0,0,0,0,0,0,0,1,0,0,0
Laram Wali,2,45,64,108,2,2,9,9,12,47,5.87,3.20,2.67,0,0,0,0,0,0,0,0,0,1,0
Icebreaker,2,61,150,210,3,1,9,9,6,61,9.44,5.11,4.33,0,0,0,0,0,0,0,0,0,1,0
Zombego,2,36,49,84,2,1,6,6,4,52,6.11,3.33,2.78,0,0,0,0,0,0,0,0,0,1,0
Yi,2,256,289,544,2,1,17,17,4,289,7.31,3.76,3.54,0,0,0,0,0,0,0,1,0,0,0
Hus (Nama),2,45,64,108,1,3,4,16,4,66,6.19,3.38,2.81,0,0,0,0,1,0,0,1,0,1,0
Jumping Beans,2,49,64,112,2,1,7,7,4,49,6.37,3.43,2.94,0,0,0,0,0,0,0,0,0,1,0
Breakthrough,2,64,81,144,2,1,8,8,4,64,6.56,3.50,3.06,0,0,0,0,0,0,0,0,0,1,0
Skirt,2,214,126,339,2,1,13,13,6,126,5.38,5.38,0.00,0,0,0,0,0,0,0,1,0,0,0
Wagner,2,8,8,12,2,1,4,4,8,8,4.00,3.00,1.00,0,0,0,0,0,0,0,1,0,0,0
Fetach,2,32,25,56,4,1,5,5,4,25,4.48,4.48,0.00,0,0,0,0,0,0,0,1,0,0,0
Bounce,2,64,81,144,2,1,8,8,4,64,6.56,3.50,3.06,0,0,0,0,0,0,0,0,0,1,0
Tablut,2,81,100,180,3,1,9,9,4,81,6.72,3.56,3.16,0,0,0,0,0,0,0,0,0,1,0
French Wari,2,5,12,16,1,1,2,6,4,19,4.33,2.67,1.67,0,0,0,0,1,0,0,1,0,1,0
OffShore,2,37,96,132,2,1,7,7,6,39,8.76,4.86,3.89,0,0,0,0,0,0,0,0,0,1,0
Sat Gol,2,0,7,7,1,1,4,7,7,9,2.00,2.00,0.00,0,0,0,0,1,0,0,1,0,1,0
Tavan Tal,2,3,30,50,2,2,15,24,5,35,4.33,3.33,1.00,0,0,0,0,0,0,0,1,0,1,0
Alice Chess,2,64,81,144,12,1,8,8,4,64,6.56,3.50,3.06,0,0,0,0,0,0,0,0,0,1,0
Triodi (Diagonal),2,0,24,40,2,2,7,7,4,26,3.33,3.33,0.00,0,0,0,0,0,0,0,1,0,1,0
Jungle,2,63,80,142,16,1,9,7,4,63,6.54,3.49,3.05,0,0,0,0,0,0,0,0,0,1,0
Boxijn Barildaan,2,5,12,16,2,1,4,4,8,12,4.33,2.67,1.67,0,0,0,0,0,0,0,1,0,0,0
Ja-Jeon-Geo-Gonu,2,9,16,24,2,1,4,4,4,16,5.25,3.00,2.25,0,0,0,0,1,0,0,1,0,0,0
Symmetric Chess,2,72,90,161,12,1,8,9,4,72,6.64,3.53,3.11,0,0,0,0,0,0,0,0,0,1,0
Feldja,2,0,24,32,2,2,7,7,4,26,2.67,2.67,0.00,0,0,0,0,0,0,0,1,0,1,0
Troll,2,64,81,144,2,1,8,8,4,64,6.56,3.50,3.06,0,0,0,0,0,0,0,0,0,1,0
Marelle Triple,2,0,24,40,2,2,7,7,4,26,3.33,3.33,0.00,0,0,0,0,0,0,0,1,0,1,0
Makonn,2,27,40,66,1,2,4,10,4,40,6.00,3.30,2.70,0,0,0,0,1,0,0,1,0,0,0
Rimau-Rimau (One Tiger),2,40,37,76,2,4,9,5,10,79,4.54,4.11,0.43,0,0,0,0,0,0,0,1,0,1,0
Cirgol,2,0,10,10,1,1,4,4,10,12,2.00,2.00,0.00,0,0,0,0,1,0,0,1,0,1,0
Spaniel,3,14,30,96,3,1,7,7,4,33,8.27,6.40,1.87,0,0,0,0,0,0,0,1,0,1,0
Mlabalaba,2,0,24,40,2,2,7,7,4,26,3.33,3.33,0.00,0,0,0,0,0,0,0,1,0,1,0
Lay Gwet Kyah,2,16,25,40,2,2,5,5,4,43,5.76,3.20,2.56,0,0,0,0,0,0,0,1,0,1,0
Jiu Zi Xian Qi,1,6,10,15,1,2,5,9,5,10,3.50,3.00,0.50,0,0,0,0,0,0,0,1,0,0,0
Koro,2,5,12,16,1,1,2,6,4,14,4.33,2.67,1.67,0,0,0,0,1,0,0,1,0,1,0
One-Eyed Go,2,324,361,684,2,1,19,19,4,361,7.38,3.79,3.59,0,0,0,0,0,0,0,1,0,0,0
Three-Player Hex,3,37,96,132,3,1,7,7,6,37,8.76,4.86,3.89,0,0,0,0,0,0,0,0,0,1,0
Hermit,2,96,61,156,3,1,9,9,6,61,5.11,5.11,0.00,0,0,0,0,0,0,0,1,0,0,0
Garrisons,2,52,36,87,2,1,7,7,6,36,4.83,4.83,0.00,0,0,0,0,0,0,0,1,0,0,0
Comina,2,36,31,68,2,1,7,5,7,31,4.52,4.39,0.13,0,0,0,0,0,0,0,1,0,0,0
Gadis,2,60,85,144,2,1,30,30,24,60,6.00,3.60,2.40,0,0,0,0,0,0,0,0,0,1,0
Mak Khom,2,6,14,19,1,2,2,7,4,16,4.43,2.71,1.71,0,0,0,0,1,0,0,1,0,1,0
Shatranj (12x12),2,144,169,312,16,1,12,12,4,144,7.03,3.67,3.36,0,0,0,0,0,0,0,0,0,1,0
Qatranj,2,100,121,220,18,1,10,10,4,100,6.84,3.60,3.24,0,0,0,0,0,0,0,0,0,1,0
Pentago,2,25,36,60,2,2,6,6,4,36,6.11,3.33,2.78,0,0,0,0,0,0,0,1,0,0,0
Cavity,2,100,121,220,2,2,11,11,4,121,6.94,3.64,3.31,0,0,0,0,0,0,0,1,0,0,0
Chatur,2,64,81,144,12,1,8,8,4,64,6.56,3.50,3.06,0,0,0,0,0,0,0,0,0,1,0
Brazilian Draughts,2,64,81,144,4,1,8,8,4,64,6.56,3.50,3.06,0,0,0,0,0,0,0,0,0,1,0
Luuth,2,6,14,19,1,2,2,7,4,22,4.43,2.71,1.71,0,0,0,0,1,0,0,1,0,1,0
Promotion Chess,2,64,81,144,12,1,8,8,4,64,6.56,3.50,3.06,0,0,0,0,0,0,0,0,0,1,0
Hus (Damara),2,33,48,80,1,1,4,12,4,83,6.08,3.33,2.75,0,0,0,0,1,0,0,1,0,1,0
Chatrang (Sassanian),2,64,81,144,12,1,8,8,4,64,6.56,3.50,3.06,0,0,0,0,0,0,0,0,0,1,0
Pentalath,2,70,174,243,2,1,7,13,4,70,9.26,5.06,4.20,0,0,0,0,0,0,0,0,0,1,0
CustAndantino,2,1261,2646,3906,2,1,41,41,6,1261,11.42,5.80,5.61,0,0,0,0,0,0,0,0,0,1,0
DuploHex,2,49,126,174,6,2,7,7,4,53,8.82,4.90,3.92,0,0,0,0,0,0,0,0,0,1,0
Equi Game System,2,37,27,63,4,1,6,6,6,27,4.67,4.67,0.00,0,0,0,0,0,0,0,1,0,0,0
Ako Okwe,2,6,12,17,1,1,2,7,2,12,4.17,2.83,1.33,0,0,0,0,1,0,0,1,0,0,0
Terhuchu,2,64,73,136,2,1,17,17,20,73,4.60,3.73,0.88,0,0,0,0,0,0,0,1,0,0,0
Fission,2,64,81,144,2,1,8,8,4,64,6.56,3.50,3.06,0,0,0,0,0,0,0,0,0,1,0
Cercar La Liebre,2,32,25,56,2,1,5,5,4,25,4.48,4.48,0.00,0,0,0,0,0,0,0,1,0,0,0
Stairs,2,36,49,84,2,1,6,6,4,36,6.11,3.33,2.78,1,0,0,0,0,0,0,0,0,1,0
Ko-app-paw-na,2,16,25,40,2,1,5,5,4,25,5.76,3.20,2.56,0,0,0,0,0,0,0,1,0,0,0
Gabata (Adowa),2,10,18,27,1,2,3,6,4,30,5.22,3.00,2.22,0,0,0,0,1,0,0,1,0,1,0
Conflagration and Keep-a-riding,2,61,150,210,2,1,9,9,6,61,9.44,5.11,4.33,0,0,0,0,0,0,0,0,0,1,0
Monkey Queen,2,144,169,312,2,1,12,12,4,144,7.03,3.67,3.36,1,0,0,0,0,0,0,0,0,1,0
Manzhouqi,2,72,90,161,14,1,10,9,4,90,6.78,3.58,3.20,0,0,0,0,0,0,0,1,0,0,0
Ludus Rebellionis 2,2,64,81,144,6,1,8,8,4,64,6.56,3.50,3.06,0,0,0,0,0,0,0,0,0,1,0
Double-Move Situ,2,22,18,39,4,1,5,5,6,18,4.33,4.33,0.00,0,0,0,0,0,0,0,1,0,0,0
Dris et-Tessa (Diagonals),2,0,24,40,2,2,7,7,4,26,3.33,3.33,0.00,0,0,0,0,0,0,0,1,0,1,0
Gioco dell'Orso,2,0,17,28,4,4,5,5,12,19,3.29,3.29,0.00,0,0,0,0,0,0,0,1,0,1,0
Tai Shogi,2,625,676,1300,236,1,25,25,4,625,7.53,3.84,3.69,0,0,0,0,0,0,0,0,0,1,0
Cram,2,36,49,84,2,1,6,6,4,36,6.11,3.33,2.78,0,0,0,0,0,0,0,0,0,1,0
Latin Square,1,25,36,60,0,1,5,5,4,25,5.76,3.20,2.56,0,0,0,0,0,0,0,0,0,1,1
Hund efter Hare (Vendsyssel),2,0,12,25,2,1,3,7,2,12,4.17,4.17,0.00,0,0,0,0,0,0,0,1,0,0,0
Goldilocks Stones,2,36,94,129,2,1,7,7,6,36,8.67,4.83,3.83,0,0,0,0,0,0,0,0,0,1,0
Phantom Go,2,64,81,144,2,1,9,9,4,81,6.72,3.56,3.16,0,0,1,0,0,0,0,1,0,0,0
Tsukkalavde,2,32,25,56,2,1,5,5,4,25,4.48,4.48,0.00,0,0,0,0,0,0,0,1,0,0,0
Smasandyutakankarikrida,2,48,49,96,2,1,13,9,10,49,4.90,3.92,0.98,0,0,0,0,0,0,0,1,0,0,0
Dogtown Clans,2,52,36,87,4,1,7,7,6,36,4.83,4.83,0.00,0,0,0,0,0,0,0,1,0,0,0
Bamboo,2,61,150,210,3,1,9,9,6,61,9.44,5.11,4.33,0,0,0,0,0,0,0,0,0,1,0
Winkers,2,19,54,72,3,1,5,5,6,23,7.58,4.42,3.16,0,0,0,0,0,0,0,0,0,1,0
Thales,2,64,160,223,2,1,8,8,4,64,9.19,5.03,4.16,0,0,0,0,0,0,0,0,0,1,0
Mutant Y^3,2,120,520,600,2,1,24,45,120,120,2.00,2.00,0.00,0,0,0,0,0,0,0,0,0,1,0
Wakanpamungthae,2,64,81,144,4,1,8,8,4,64,6.56,3.50,3.06,0,0,0,0,0,0,0,0,0,1,0
Main Chongkak,2,7,14,20,1,2,2,8,2,14,4.29,2.86,1.43,0,0,0,0,1,0,0,1,0,0,0
Tavli,2,12,26,37,4,1,2,13,4,28,4.69,2.85,1.85,0,0,0,0,0,0,0,1,0,1,0
Cumi,2,36,31,66,2,1,7,5,7,31,4.52,4.26,0.26,0,0,0,0,0,0,0,1,0,0,0
Goats Wintering,2,18,52,69,2,1,5,5,6,18,7.33,4.33,3.00,0,0,0,0,0,0,0,0,0,1,0
Brandub,2,49,64,112,3,1,7,7,4,49,6.37,3.43,2.94,0,0,0,0,0,0,0,0,0,1,0
Gyre,2,127,294,420,2,1,13,13,6,127,10.20,5.39,4.82,0,0,0,0,0,0,0,0,0,1,0
Callanish,2,81,100,180,2,2,9,9,4,81,6.72,3.56,3.16,1,0,0,0,0,0,0,0,0,1,0
Radran,2,19,9,32,1,1,5,5,5,32,12.25,12.25,0.00,0,0,0,0,0,0,0,0,1,0,0
Katra,2,21,32,52,1,1,4,8,4,34,5.88,3.25,2.62,0,0,0,0,1,0,0,1,0,1,0
Ludus Rebellionis (Asymmetric),2,64,81,144,3,1,8,8,4,64,6.56,3.50,3.06,0,0,0,0,0,0,0,0,0,1,0
Pereauni,2,21,32,52,1,2,4,8,4,32,5.88,3.25,2.62,0,0,0,0,1,0,0,1,0,0,0
Wolf und Schaaf,2,64,81,144,2,2,8,8,4,65,6.56,3.50,3.06,0,0,0,0,0,0,0,0,0,1,0
Freeze Frenzy,2,37,27,63,2,1,6,6,6,27,4.67,4.67,0.00,0,0,0,0,0,0,0,1,0,0,0
Fang,2,36,49,88,2,3,7,7,4,87,6.37,3.59,2.78,0,0,0,0,0,0,0,1,0,1,0
Azigo,2,19,40,58,1,2,2,20,4,61,4.80,2.90,1.90,0,0,0,0,1,0,0,1,0,1,0
Rwandan Alignment Game,2,0,24,32,2,2,7,7,4,26,2.67,2.67,0.00,0,0,0,0,0,0,0,1,0,1,0
Muvalavala (Quioco),2,15,24,38,1,1,4,6,4,24,5.67,3.17,2.50,0,0,0,0,1,0,0,1,0,0,0
Altan Xaraacaj,2,32,25,56,2,2,5,5,4,59,4.48,4.48,0.00,0,0,0,0,0,0,0,1,0,1,0
Safe Passage,2,64,81,144,12,1,8,8,4,64,6.56,3.50,3.06,0,0,0,0,0,0,0,0,0,1,0
Jekab,2,64,81,144,4,1,8,8,4,64,6.56,3.50,3.06,0,0,0,0,0,0,0,0,0,1,0
Quick Chess,2,30,42,71,12,1,6,5,4,30,5.93,3.27,2.67,0,0,0,0,0,0,0,0,0,1,0
Otep,2,21,32,52,1,4,4,8,4,34,5.88,3.25,2.62,0,0,0,0,1,0,0,1,0,1,0
Mastermind,2,48,100,135,10,2,37,6,52,108,4.62,2.70,1.92,0,0,1,0,0,0,0,1,0,1,0
Order and Chaos,2,36,49,84,2,1,6,6,4,38,6.11,3.33,2.78,0,0,0,0,0,0,0,0,0,1,0
Janes Soppi (Symmetrical),2,4,11,18,2,2,3,5,2,17,3.27,3.27,0.00,0,0,0,0,0,0,0,1,0,1,0
Residuel,2,147,181,318,2,1,17,17,27,147,8.69,3.67,1.94,0,0,0,0,0,0,0,0,0,1,0
Neutron,2,25,36,60,3,1,5,5,4,25,5.76,3.20,2.56,0,0,0,0,0,0,0,0,0,1,0
Toads and Frogs,2,5,12,16,2,1,1,5,2,5,1.60,1.60,0.00,0,0,0,0,0,0,0,0,0,1,0
Seireigi,2,81,100,180,30,1,9,9,4,95,6.72,3.56,3.16,0,0,0,0,0,0,0,0,0,1,0
Chiana wa Kunja,2,45,64,108,2,1,4,16,4,110,6.19,3.38,2.81,0,0,0,0,1,0,0,1,0,1,0
Msuwa,2,27,40,66,1,1,4,10,4,40,6.00,3.30,2.70,0,0,0,0,1,0,0,1,0,0,0
Waurie,2,7,14,20,1,1,2,8,2,14,4.29,2.86,1.43,0,0,0,0,1,0,0,1,0,0,0
Tavelspel,2,144,169,312,2,1,13,13,4,169,7.10,3.69,3.41,0,0,0,0,0,0,0,1,0,0,0
3 6 9,2,81,100,180,1,1,9,9,4,81,6.72,3.56,3.16,0,0,0,0,0,0,0,0,0,1,0
Buqruru,2,3,8,10,1,3,2,4,4,13,4.00,2.50,1.50,0,0,0,0,1,0,0,1,0,1,0
Mylna,2,0,24,32,2,2,7,7,4,26,2.67,2.67,0.00,0,0,0,0,0,0,0,1,0,1,0
Akidada,2,4,9,12,2,2,3,3,4,15,4.44,2.67,1.78,0,0,0,0,0,0,0,1,0,1,0
Chaturanga (al-Adli),2,64,81,144,12,1,8,8,4,64,6.56,3.50,3.06,0,0,0,0,0,0,0,0,0,1,0
Chains of Thought,2,54,37,90,2,1,7,7,6,37,4.86,4.86,0.00,0,0,0,0,0,0,0,1,0,0,0
Seesaw,2,37,96,132,4,1,7,7,6,37,8.76,4.86,3.89,1,0,0,0,0,0,0,0,0,1,0
Gabata (Wuqro),2,5,12,16,1,3,2,6,4,19,4.33,2.67,1.67,0,0,0,0,1,0,0,1,0,1,0
Unnee Tugalluulax,2,5,12,16,1,1,2,6,4,19,4.33,2.67,1.67,0,0,0,0,1,0,0,1,0,1,0
Temeen Tavag,2,0,5,7,2,2,3,3,5,7,2.80,2.80,0.00,0,0,0,0,0,0,0,1,0,1,0
Tugul Shodra,2,2,9,10,2,1,3,3,4,9,3.11,2.22,0.89,0,0,0,0,0,0,0,1,0,0,0
Ijil Buga,2,88,75,162,2,1,13,9,19,76,4.64,4.32,0.32,0,0,0,0,0,0,0,1,0,1,0
Ufuba wa Hulana,2,25,36,60,2,2,5,5,4,27,5.76,3.20,2.56,0,0,0,0,0,0,0,0,0,1,0
Twelve Men's Morris,2,0,24,40,2,2,7,7,4,26,3.33,3.33,0.00,0,0,0,0,0,0,0,1,0,1,0
Kara,2,4,8,11,1,1,3,5,2,8,3.75,2.75,1.00,0,0,0,0,1,0,0,1,0,0,0
N-Mesh,2,36,49,84,4,1,6,6,4,120,6.11,3.33,2.78,1,0,0,0,0,0,0,0,1,1,0
Six Men's Morris,2,0,16,20,2,2,5,5,4,18,2.50,2.50,0.00,0,0,0,0,0,0,0,1,0,1,0
Cittabhramanrpasya Khelanam,2,64,81,144,7,1,8,8,4,64,6.56,3.50,3.06,0,0,0,0,0,0,0,0,0,1,0
Windflowers,2,36,34,69,2,1,6,6,6,34,5.47,4.06,1.41,0,0,0,0,0,0,0,1,0,0,0
Tsatsarandi,2,64,81,144,12,1,8,8,4,64,6.56,3.50,3.06,0,0,0,0,0,0,0,0,0,1,0
Walking Dots,2,49,64,112,2,2,8,8,4,64,6.56,3.50,3.06,0,0,0,0,0,0,0,1,0,0,0
Main Tapak Empat,2,32,25,56,2,2,5,5,4,58,4.48,4.48,0.00,1,0,0,0,0,0,0,1,0,1,0
Tule Paid,2,0,24,40,2,2,7,7,4,26,3.33,3.33,0.00,0,0,0,0,0,0,0,1,0,1,0
Mughal Pathan,2,44,61,128,2,1,11,7,10,61,6.03,4.20,1.84,0,0,0,0,0,0,0,1,0,0,0
Unlace,2,61,150,210,2,1,9,9,6,61,9.44,5.11,4.33,0,0,0,0,0,0,0,0,0,1,0
Tridoku,1,81,55,135,0,1,17,17,3,136,9.48,2.67,2.67,0,0,0,0,0,0,0,1,0,1,1
Rabbit Warrens,2,126,292,417,5,1,13,13,6,130,10.19,5.38,4.81,0,0,0,0,0,0,0,0,0,1,0
Shakhmaty (Medieval),2,64,81,144,12,1,8,8,4,64,6.56,3.50,3.06,0,0,0,0,0,0,0,0,0,1,0
Atidada,2,0,24,40,2,2,7,7,4,26,3.33,3.33,0.00,0,0,0,0,0,0,0,1,0,1,0
Unfair,2,100,121,220,2,1,11,11,4,121,6.94,3.64,3.31,0,0,0,0,0,0,0,1,0,0,0
Sudoku,1,81,100,180,0,1,9,9,4,81,6.72,3.56,3.16,0,0,0,0,0,0,0,0,0,1,1
Um el-Bagara,2,4,10,13,1,1,2,5,4,16,4.20,2.60,1.60,0,0,0,0,1,0,0,1,0,1,0
00'Y',2,73,48,120,3,1,8,8,6,48,5.00,5.00,0.00,0,0,0,0,0,0,0,1,0,0,0
Shatr ikh Padan,2,64,81,144,4,1,8,8,4,64,6.56,3.50,3.06,0,0,0,0,0,0,0,0,0,1,0
CoDi,2,11,20,30,2,1,15,11,5,20,5.60,3.00,2.60,0,0,0,0,0,0,0,1,0,0,0
HopThrough,2,64,81,144,2,1,8,8,4,64,6.56,3.50,3.06,0,0,0,0,0,0,0,0,0,1,0
Elea,2,61,150,210,2,1,9,9,6,61,9.44,5.11,4.33,0,0,0,0,0,0,0,0,0,1,0
Main Chator (Selangor),2,64,81,144,12,1,8,8,4,64,6.56,3.50,3.06,0,0,0,0,0,0,0,0,0,1,0
Six Insect Game,2,16,25,40,2,1,4,4,4,16,5.25,3.00,2.25,0,0,0,0,0,0,0,0,0,1,0
Bolotudu,2,36,49,84,2,2,6,6,4,38,6.11,3.33,2.78,0,0,0,0,0,0,0,0,0,1,0
Rolit,4,64,81,144,1,1,8,8,4,64,6.56,3.50,3.06,0,0,0,0,0,0,0,0,0,1,0
Atom,2,0,49,84,2,1,28,43,7,51,3.43,3.43,0.00,0,0,0,0,0,0,0,1,0,1,0
Mak Ruk,2,64,81,144,12,1,8,8,4,64,6.56,3.50,3.06,0,0,0,0,0,0,0,0,0,1,0
Nim,2,5,12,16,1,1,1,5,2,5,1.60,1.60,0.00,0,0,0,0,0,0,0,0,0,1,0
Veloop (Hex),2,27,73,99,2,1,6,6,6,27,8.22,4.67,3.56,1,0,0,0,0,0,0,0,0,1,0
Two-Player Chaturanga (al-Biruni),2,64,81,144,12,1,8,8,4,64,6.56,3.50,3.06,0,0,0,0,0,0,0,0,0,1,0
Shui Yen Ho-Shang,2,36,29,64,2,1,7,5,6,29,4.41,4.41,0.00,0,0,0,0,0,0,0,1,0,0,0
Y,2,66,166,231,2,1,11,11,3,66,9.09,5.00,4.09,0,0,0,0,0,0,0,0,0,1,0
Shatranj al-Kabir (Constantinople),2,169,196,364,18,1,13,13,4,169,7.10,3.69,3.41,0,0,0,0,0,0,0,0,0,1,0
Halusa,2,5,12,16,1,1,2,6,4,19,4.33,2.67,1.67,0,0,0,0,1,0,0,1,0,1,0
Diaballik,2,49,64,112,4,1,7,7,4,49,6.37,3.43,2.94,1,0,0,0,0,0,0,0,0,1,0
Mogul Putt'han,2,40,37,76,2,1,9,5,10,37,4.54,4.11,0.43,0,0,0,0,0,0,0,1,0,0,0
Xonin Shatar (Complex),2,3,24,48,2,2,7,7,4,29,5.00,4.00,1.00,0,0,0,0,0,0,0,1,0,1,0
A Simple Game,2,9,16,24,2,1,4,4,4,18,5.25,3.00,2.25,0,0,0,0,0,0,0,1,0,1,0
Wild Draughts,2,64,81,144,4,1,8,8,4,64,6.56,3.50,3.06,0,0,0,0,0,0,0,0,0,1,0
Spirit,3,14,30,96,3,1,7,7,4,30,8.27,6.40,1.87,0,0,0,0,0,0,0,1,0,0,0
Triodi,2,0,24,32,2,2,7,7,4,26,2.67,2.67,0.00,0,0,0,0,0,0,0,1,0,1,0
Pentalpha,1,6,10,15,1,1,5,9,5,17,3.50,3.00,0.50,0,0,0,0,0,0,0,1,0,1,0
Hujura,2,8,9,16,2,2,3,3,4,19,3.56,3.56,0.00,0,0,0,0,0,0,0,1,0,1,0
Pon Chochotl,2,32,25,56,2,1,5,5,4,25,4.48,4.48,0.00,0,0,0,0,0,0,0,1,0,0,0
Dra,2,30,42,71,2,2,5,6,4,32,5.93,3.27,2.67,0,0,0,0,0,0,0,0,0,1,0
Hops-a-Daisy Generalized,2,60,148,207,4,1,9,9,6,60,9.40,5.10,4.30,0,0,0,0,0,0,0,0,0,1,0
Xiang Hex,2,79,230,268,14,1,11,11,6,79,9.72,5.22,4.51,0,0,0,0,0,0,0,0,0,1,0
Adhesion,2,100,145,260,2,1,14,14,20,100,5.40,2.80,2.60,0,0,0,0,0,0,0,0,0,1,0
Spoing,2,14,30,96,3,1,7,7,4,30,8.27,6.40,1.87,0,0,0,0,0,0,0,1,0,0,0
Polypods,2,49,64,112,2,1,8,8,4,64,6.56,3.50,3.06,0,0,0,0,0,0,0,1,0,0,0
Conspirateurs,2,289,324,612,2,2,17,17,4,291,7.31,3.76,3.54,0,0,0,0,0,0,0,0,0,1,0
Banyarwanda Mill Game,2,8,9,16,2,2,3,3,4,19,3.56,3.56,0.00,0,0,0,0,0,0,0,1,0,1,0
Eleven-Fang,2,100,121,220,2,1,11,11,4,223,6.94,3.64,3.31,0,0,0,0,0,0,0,1,0,1,0
Mu Torere,2,0,9,16,2,1,3,3,8,9,3.56,3.56,0.00,0,0,0,0,0,0,0,1,0,0,0
Yovodi,2,7,14,20,1,1,2,8,2,14,4.29,2.86,1.43,0,0,0,0,1,0,0,1,0,0,0
Fox and Geese,2,40,33,72,2,2,7,7,16,74,4.36,4.36,0.00,0,0,0,0,0,0,0,1,0,1,0
Bravalath,2,1261,2646,3906,2,1,41,41,6,1261,11.42,5.80,5.61,0,0,0,0,0,0,0,0,0,1,0
Kuang,2,32,25,56,2,1,5,5,4,25,4.48,4.48,0.00,0,0,0,0,0,0,0,1,0,0,0
Yucebao,2,6,12,17,3,2,2,7,2,22,4.17,2.83,1.33,1,0,0,0,1,0,0,1,0,1,0
Hex,2,121,286,406,2,1,11,11,4,121,9.92,5.29,4.63,0,0,0,0,0,0,0,0,0,1,0
Master Y,2,91,222,312,2,2,13,13,3,91,9.49,5.14,4.35,0,0,0,0,0,0,0,0,0,1,0
Futoshiki,1,16,25,40,0,1,5,5,4,25,5.76,3.20,2.56,0,0,0,0,0,0,0,1,0,0,1
Ratti-Chitti-Bakri,2,128,81,208,2,1,9,9,4,81,5.14,5.14,0.00,0,0,0,0,0,0,0,1,0,0,0
Coyote,2,24,25,48,2,1,5,5,4,25,5.12,3.84,1.28,0,0,0,0,0,0,0,1,0,0,0
Aw-li On-nam Ot-tjin,2,10,20,29,1,1,2,11,2,20,4.50,2.90,1.60,0,0,0,0,1,0,0,1,0,0,0
Sudoku X,1,81,100,180,0,1,9,9,4,81,6.72,3.56,3.16,0,0,0,0,0,0,0,0,0,1,1
Mulabalaba,2,0,24,40,2,2,7,7,4,26,3.33,3.33,0.00,0,0,0,0,0,0,0,1,0,1,0
Redstone,2,144,169,312,3,1,13,13,4,169,7.10,3.69,3.41,0,0,0,0,0,0,0,1,0,0,0
Kakuro,1,168,195,362,0,1,14,12,4,168,7.10,3.69,3.40,0,0,0,0,0,0,0,0,0,1,1
Upper Hand,2,30,55,200,3,1,9,9,4,55,9.45,7.27,2.18,0,0,0,0,0,0,0,1,0,0,0
Kaua Dorki,2,8,17,24,2,1,5,5,7,17,3.76,2.82,0.94,0,0,0,0,0,0,0,1,0,0,0
Faraday,2,150,91,240,2,2,11,11,6,91,5.27,5.27,0.00,0,0,0,0,0,0,0,1,0,0,0
Jeu de Renard,2,64,81,144,2,2,8,8,4,65,6.56,3.50,3.06,0,0,0,0,0,0,0,0,0,1,0
Kolowis Awithlaknannai,2,60,48,107,2,1,3,32,3,48,4.46,4.46,0.00,0,0,0,0,0,0,0,1,0,0,0
Wari,2,7,14,20,1,1,2,8,2,16,4.29,2.86,1.43,0,0,0,0,1,0,0,1,0,1,0
Um el-Bil,2,5,12,16,1,2,2,6,4,19,4.33,2.67,1.67,0,0,0,0,1,0,0,1,0,1,0
Kensington,2,61,72,132,2,1,16,21,18,135,5.92,3.67,2.25,0,0,0,0,0,0,0,1,0,1,0
Sprout-R-Out,2,75,181,255,2,1,10,10,6,75,9.68,5.20,4.48,0,0,0,0,0,0,0,0,0,1,0
Peg Solitaire,1,20,33,52,1,1,7,7,16,33,5.58,3.15,2.42,0,0,0,0,0,0,0,1,0,0,0
Gamacha (Nobility),2,5,12,16,1,1,2,6,4,19,4.33,2.67,1.67,0,0,0,0,1,0,0,1,0,1,0
Skirmish (GDL),2,64,81,144,12,1,8,8,4,64,6.56,3.50,3.06,0,0,0,0,0,0,0,0,0,1,0
Tri-It-Out,2,37,27,63,2,1,6,6,6,27,4.67,4.67,0.00,0,0,0,0,0,0,0,1,0,0,0
Picaria (Large),2,0,24,32,2,2,7,7,4,26,2.67,2.67,0.00,0,0,0,0,0,0,0,1,0,1,0
Brain Coral,2,48,121,168,4,1,8,8,6,48,9.12,5.00,4.12,0,0,0,0,0,0,0,0,0,1,0
Russian Fortress Chess,4,192,233,424,25,2,16,16,20,861,6.85,3.58,3.27,0,0,0,1,0,0,0,1,1,1,0
Neg Tugal Tuux,2,31,64,125,2,1,32,2,4,64,4.88,3.91,0.97,0,0,0,0,0,0,0,1,0,0,0
Das Bohnenspiel,2,7,14,20,1,1,2,8,2,14,4.29,2.86,1.43,0,0,0,0,1,0,0,1,0,0,0
SupplyChains,2,36,94,129,2,1,7,7,6,36,8.67,4.83,3.83,0,0,0,0,0,0,0,0,0,1,0
Che Lo,2,8,9,16,2,1,3,3,4,9,3.56,3.56,0.00,1,0,0,0,0,0,0,1,0,0,0
Agon,2,91,216,306,4,1,11,11,6,91,9.89,5.27,4.62,0,0,0,0,0,0,0,0,0,1,0
Magic Square,1,9,16,24,0,1,3,3,4,9,4.44,2.67,1.78,0,0,0,0,0,0,0,0,0,1,1
Riga Game,2,0,25,40,2,2,7,7,4,27,3.20,3.20,0.00,0,0,0,0,0,0,0,1,0,1,0
Ferses,2,64,81,144,4,1,8,8,4,64,6.56,3.50,3.06,0,0,0,0,0,0,0,0,0,1,0
Ancient Merels,2,0,24,32,2,2,7,7,4,26,2.67,2.67,0.00,0,0,0,0,0,0,0,1,0,1,0
Cashlan Gherra,2,8,9,16,2,2,3,3,4,19,3.56,3.56,0.00,0,0,0,0,0,0,0,1,0,1,0
Bouge Shodra,2,40,35,74,2,2,9,5,9,76,4.46,4.23,0.23,0,0,0,0,0,0,0,1,0,1,0
Grand Trictrac,2,12,26,37,4,1,2,13,4,28,4.69,2.85,1.85,0,0,0,0,0,0,0,1,0,1,0
Wure Dune,2,8,9,16,2,2,3,3,4,19,3.56,3.56,0.00,0,0,0,0,0,0,0,1,0,1,0
Roman Merels,2,0,24,32,2,2,7,7,4,26,2.67,2.67,0.00,0,0,0,0,0,0,0,1,0,1,0
Welschschach,2,64,81,144,12,2,8,8,4,64,6.56,3.50,3.06,0,0,0,0,0,0,0,0,0,1,0
Mank,2,9,18,26,1,1,2,10,2,18,4.44,2.89,1.56,0,0,0,0,1,0,0,1,0,0,0
Pam Pait,2,24,31,62,2,1,9,5,10,31,4.52,4.00,0.52,0,0,0,0,0,0,0,1,0,0,0
Double-Run Stone,2,13,12,24,6,1,4,4,6,42,4.00,4.00,0.00,0,0,0,0,0,0,0,1,0,1,0
I Pere,2,4,10,13,1,2,2,5,4,12,4.20,2.60,1.60,0,0,0,0,1,0,0,1,0,1,0
Quad Wrangle,2,64,81,144,2,1,8,8,4,64,6.56,3.50,3.06,0,0,0,0,0,0,0,0,0,1,0
Nine Men's Morris,2,0,24,32,2,2,7,7,4,26,2.67,2.67,0.00,0,0,0,0,0,0,0,1,0,1,0
Ludus Latrunculorum,2,64,81,144,2,2,8,8,4,66,6.56,3.50,3.06,0,0,0,0,0,0,0,0,0,1,0
Katro Bevohoka,2,15,24,38,1,1,4,6,4,24,5.67,3.17,2.50,0,0,0,0,1,0,0,1,0,0,0
Lau Kata Kati,2,12,19,30,2,1,7,7,5,19,4.84,3.16,1.68,0,0,0,0,0,0,0,1,0,0,0
Ploy,2,64,81,144,16,1,9,9,4,81,6.72,3.56,3.16,0,0,0,0,0,0,0,1,0,0,0
Duidoku,2,81,100,180,9,1,9,9,4,81,6.72,3.56,3.16,0,0,0,0,0,0,0,0,0,1,0
Sprite,2,14,30,96,3,1,7,7,4,33,8.27,6.40,1.87,0,0,0,0,0,0,0,1,0,1,0
Shatranj al-Jawarhiya,2,56,72,127,12,1,8,7,4,56,6.46,3.46,3.00,0,0,0,0,0,0,0,0,0,1,0
Amazon Chess,2,64,81,144,12,1,8,8,4,64,6.56,3.50,3.06,0,0,0,0,0,0,0,0,0,1,0
Addi Kul,2,49,64,112,2,1,7,7,4,49,6.37,3.43,2.94,0,0,0,0,0,0,0,0,0,1,0
Snowpaque,2,61,150,210,1,2,9,9,6,61,9.44,5.11,4.33,0,0,0,0,0,0,0,0,0,1,0
Fart (5x5),2,25,36,60,2,2,5,5,4,27,5.76,3.20,2.56,0,0,0,0,0,0,0,0,0,1,0
Fart (7x7),2,49,64,112,2,2,7,7,4,51,6.37,3.43,2.94,0,0,0,0,0,0,0,0,0,1,0
Mysore Tiger Game,2,0,6,8,2,2,3,5,5,7,2.67,2.67,0.00,0,0,0,0,0,0,0,1,0,1,0
Dorvolz,2,256,289,544,4,3,17,17,4,549,7.31,3.76,3.54,0,0,0,0,0,0,0,1,0,1,0
Knight's Tour,1,64,81,144,1,2,8,8,4,64,6.56,3.50,3.06,0,0,0,0,0,0,0,0,0,1,0
Chameleon,2,121,286,406,2,1,11,11,4,123,9.92,5.29,4.63,0,0,0,0,0,0,0,0,0,1,0
Abande,2,37,96,132,2,1,7,7,6,37,8.76,4.86,3.89,1,0,0,0,0,0,0,0,0,1,0
Nodal Chess,2,18,48,82,10,1,8,6,4,66,4.92,3.42,1.50,0,0,0,0,0,0,0,1,0,1,0
Queah Game,2,13,24,36,2,1,5,5,8,15,4.92,2.46,2.46,0,0,0,0,0,0,0,0,0,1,0
Jeu du Renard et de la Poule,2,40,33,72,2,2,7,7,16,74,4.36,4.36,0.00,0,0,0,0,0,0,0,1,0,1,0
Minishogi,2,25,36,60,20,1,5,5,4,35,5.76,3.20,2.56,0,0,0,0,0,0,0,0,0,1,0
Forcado,2,64,81,144,12,1,8,8,4,64,6.56,3.50,3.06,0,0,0,0,0,0,0,0,0,1,0
Tank Tactics,2,50,66,115,2,2,5,10,4,52,6.28,3.40,2.88,0,0,0,0,0,0,0,0,0,1,0
Choro (Acholi),2,21,32,52,1,2,4,8,4,32,5.88,3.25,2.62,0,0,0,0,1,0,0,1,0,0,0
Owana,2,5,10,14,1,1,2,6,2,12,4.00,2.80,1.20,0,0,0,0,1,0,0,1,0,1,0
Fondji,2,7,14,20,1,1,2,8,2,14,4.29,2.86,1.43,0,0,0,0,1,0,0,1,0,0,0
Ho-Bag Gonu,2,4,11,14,2,1,5,5,2,11,2.55,2.55,0.00,0,0,0,0,0,0,0,1,0,0,0
Bao Kiswahili (DR Congo),2,21,32,52,1,1,4,8,4,34,5.88,3.25,2.62,0,0,0,0,1,0,0,1,0,1,0
Bis Gutiya,2,64,41,104,2,1,9,9,4,41,5.07,5.07,0.00,0,0,0,0,0,0,0,1,0,0,0
Alquerkonane,2,24,35,58,2,1,6,4,4,24,5.67,3.17,2.50,0,0,0,0,0,0,0,0,0,1,0
Tumbleweed,2,169,384,552,3,2,15,15,6,169,10.44,5.47,4.97,1,0,0,0,0,0,0,0,0,1,0
Ngre E E,2,8,9,16,2,1,3,3,4,11,3.56,3.56,0.00,0,0,0,0,0,0,0,1,0,1,0
Main Chator (Batak),2,64,81,144,12,1,8,8,4,64,6.56,3.50,3.06,0,0,0,0,0,0,0,0,0,1,0
Intotoi,2,11,24,34,1,4,2,12,4,37,4.67,2.83,1.83,0,0,0,0,1,0,0,1,0,1,0
Hackenbush,2,0,17,16,4,1,5,10,5,16,2.62,2.62,0.00,0,0,0,0,0,0,0,0,1,0,0
Spaji,2,14,30,96,2,1,7,7,4,30,8.27,6.40,1.87,0,0,0,0,0,0,0,1,0,0,0
Hoshi,1,54,60,108,0,1,30,13,22,54,5.33,2.00,2.00,0,0,0,0,0,0,0,0,0,1,1
Killer Sudoku,1,81,100,180,0,1,9,9,4,81,6.72,3.56,3.16,0,0,0,0,0,0,0,0,0,1,1
Rithmomachia,2,128,153,280,6,1,16,8,4,128,6.91,3.62,3.28,1,0,0,0,0,0,0,0,0,1,0
Kanji Guti,2,6,14,19,1,1,2,7,4,22,4.43,2.71,1.71,0,0,0,0,1,0,0,1,0,1,0
Macheng,2,0,24,40,2,2,7,7,4,26,3.33,3.33,0.00,0,0,0,0,0,0,0,1,0,1,0
1D Chess,2,8,18,25,6,1,1,8,2,8,1.75,1.75,0.00,0,0,0,0,0,0,0,0,0,1,0
Shafran Chess,2,70,216,239,12,1,10,10,6,70,9.60,5.17,4.43,0,0,0,0,0,0,0,0,0,1,0
Duqurjin,2,0,24,32,2,2,7,7,4,26,2.67,2.67,0.00,0,0,0,0,0,0,0,1,0,1,0
Toono,2,0,17,28,2,1,9,9,8,17,3.29,3.29,0.00,0,0,0,0,0,0,0,1,0,0,0
Tsoro (Reentered Captures),2,21,32,52,1,1,4,8,4,32,5.88,3.25,2.62,0,0,0,0,1,0,0,1,0,0,0
Diagonal Hex,2,121,286,406,2,1,11,11,4,121,9.92,5.29,4.63,0,0,0,0,0,0,0,0,0,1,0
Connect6,2,324,361,684,2,2,19,19,4,361,7.38,3.79,3.59,0,0,0,0,0,0,0,1,0,0,0
HexDame,2,61,150,210,4,1,9,9,6,61,9.44,5.11,4.33,0,0,0,0,0,0,0,0,0,1,0
Uxrijn Ever,2,16,18,33,3,1,10,18,5,18,3.67,3.67,0.00,0,0,0,0,0,0,0,1,0,0,0
KiKiBunBun,2,64,81,144,4,1,8,8,4,64,6.56,3.50,3.06,0,0,0,0,0,0,0,0,0,1,0
Greater,2,16,25,40,2,1,4,4,4,16,5.25,3.00,2.25,0,0,0,0,0,0,0,0,0,1,0
Seesaw Draughts,2,64,81,144,2,1,8,8,4,64,6.56,3.50,3.06,1,0,0,0,0,0,0,0,0,1,0
Kubuguza,2,21,32,52,1,1,4,8,4,34,5.88,3.25,2.62,0,0,0,0,1,0,0,1,0,1,0
Vela,2,64,45,108,2,2,5,9,4,45,4.80,4.80,0.00,0,0,0,0,0,0,0,1,0,0,0
Pong Hau K'i,2,0,5,7,2,1,3,3,5,7,2.80,2.80,0.00,0,0,0,0,0,0,0,1,0,1,0
Theseus and the Minotaur,1,36,49,84,3,1,6,6,4,120,6.11,3.33,2.78,0,0,0,0,0,0,0,0,1,1,0
Fianco,2,81,100,180,2,1,9,9,4,81,6.72,3.56,3.16,0,0,0,0,0,0,0,0,0,1,0
Un,2,61,150,210,2,2,9,9,6,61,9.44,5.11,4.33,0,0,0,0,0,0,0,0,0,1,0
Trianon,2,16,25,40,2,1,5,5,4,25,5.76,3.20,2.56,0,0,0,0,0,0,0,1,0,0,0
Battleships,2,200,231,430,20,2,10,20,4,210,7.12,3.70,3.42,0,0,1,0,0,0,0,0,0,1,0
MensaSpiel,2,25,48,71,8,1,5,7,11,25,4.08,2.32,1.76,1,0,0,0,0,0,0,0,0,1,0
Phase Chess,2,64,81,144,12,1,8,8,4,64,6.56,3.50,3.06,0,0,0,0,0,0,0,0,0,1,0
Yovodji,2,5,12,16,1,1,2,6,4,19,4.33,2.67,1.67,0,0,0,0,1,0,0,1,0,1,0
Ciri Amber,2,2,7,21,1,1,9,19,21,21,10.00,10.00,0.00,0,0,0,0,0,0,0,0,1,0,0
Abak,2,121,144,264,2,2,11,11,4,121,6.94,3.64,3.31,0,0,0,0,0,0,0,0,0,1,0
Taptana,2,32,25,56,2,1,5,5,4,25,4.48,4.48,0.00,0,0,0,0,0,0,0,1,0,0,0
Damas,2,64,81,144,4,1,8,8,4,64,6.56,3.50,3.06,0,0,0,0,0,0,0,0,0,1,0
Tablo,2,36,49,84,2,1,7,7,4,49,6.37,3.43,2.94,0,0,0,0,0,0,0,1,0,0,0
Kriegspiel (Chess),2,64,81,144,12,1,8,8,4,64,6.56,3.50,3.06,0,0,1,0,0,0,0,0,0,1,0
Allemande,2,77,100,172,2,1,9,9,8,257,6.75,3.53,3.22,0,0,0,0,0,0,0,0,1,1,0
Migration,2,49,64,112,2,1,8,8,4,64,6.56,3.50,3.06,0,0,0,0,0,0,0,1,0,0,0
Totolospi (War),2,100,121,230,2,1,11,11,4,121,6.94,3.80,3.14,0,0,0,0,0,0,0,1,0,0,0
Spodd,2,14,30,96,3,1,7,7,4,30,8.27,6.40,1.87,0,0,0,0,0,0,0,1,0,0,0
Felli,2,8,13,20,4,1,5,5,5,13,4.31,3.08,1.23,0,0,0,0,0,0,0,1,0,0,0
Shatranj (14x14),2,196,225,420,20,1,14,14,4,196,7.16,3.71,3.45,0,0,0,0,0,0,0,0,0,1,0
Sweep Burrow,2,64,81,144,2,1,8,8,4,64,6.56,3.50,3.06,0,0,0,0,0,0,0,0,0,1,0
Al-Qirq,2,0,24,40,2,2,7,7,4,26,3.33,3.33,0.00,0,0,0,0,0,0,0,1,0,1,0
Murus Gallicus,2,56,72,127,2,1,7,8,4,56,6.46,3.46,3.00,1,0,0,0,0,0,0,0,0,1,0
Sibling,2,61,150,210,2,2,9,9,6,61,9.44,5.11,4.33,0,0,0,0,0,0,0,0,0,1,0
Vai Lung Thlan,2,5,12,16,1,1,2,6,4,19,4.33,2.67,1.67,0,0,0,0,1,0,0,1,0,1,0
T'oki,2,25,36,60,2,1,5,5,4,27,5.76,3.20,2.56,0,0,0,0,0,0,0,0,0,1,0
English Wari (St. Lucia),2,7,14,20,1,2,2,8,2,14,4.29,2.86,1.43,0,0,0,0,1,0,0,1,0,0,0
Nsolo,2,27,40,66,1,1,4,10,4,40,6.00,3.30,2.70,0,0,0,0,1,0,0,1,0,0,0
Rascals,2,91,216,306,2,1,11,11,6,91,9.89,5.27,4.62,0,0,0,0,0,0,0,0,0,1,0
Ketatu,2,121,144,264,2,1,11,11,4,121,6.94,3.64,3.31,0,0,0,0,0,0,0,0,0,1,0
Mahbouseh,2,12,26,37,4,1,2,13,4,28,4.69,2.85,1.85,0,0,0,0,0,0,0,1,0,1,0
Unlur,2,91,216,306,2,2,11,11,6,91,9.89,5.27,4.62,0,0,0,0,0,0,0,0,0,1,0
Hasami Shogi,2,81,100,180,2,1,9,9,4,81,6.72,3.56,3.16,0,0,0,0,0,0,0,0,0,1,0
Meusueb,2,7,14,20,1,1,2,8,2,14,4.29,2.86,1.43,0,0,0,0,1,0,0,1,0,0,0
Mandinka Game,2,5,12,16,1,1,2,6,4,19,4.33,2.67,1.67,0,0,0,0,1,0,0,1,0,1,0
Xanan Zirge,2,64,81,144,2,2,9,9,4,147,6.72,3.56,3.16,0,0,0,0,0,0,0,1,0,1,0
Five Men's Morris,2,0,16,20,2,2,5,5,4,18,2.50,2.50,0.00,0,0,0,0,0,0,0,1,0,1,0
Shatranj al-Husun,2,104,133,236,14,1,12,12,4,104,6.65,3.46,3.19,0,0,0,0,0,0,0,0,0,1,0
Okwe (Achalla),2,0,14,10,1,1,4,4,10,14,1.43,1.43,0.00,0,0,0,0,1,0,0,1,0,0,0
Claim Jumpers,2,52,36,87,2,1,7,7,6,36,4.83,4.83,0.00,0,0,0,0,0,0,0,1,0,0,0
Adzua (Children),2,4,9,12,2,2,3,3,4,15,4.44,2.67,1.78,0,0,0,0,0,0,0,1,0,1,0
Iyogh,2,7,16,22,1,2,2,8,4,25,4.50,2.75,1.75,0,0,0,0,1,0,0,1,0,1,0
Nine Holes,2,4,9,12,2,2,3,3,4,15,4.44,2.67,1.78,0,0,0,0,0,0,0,1,0,1,0
Damdaman,2,49,64,112,2,1,7,7,4,51,6.37,3.43,2.94,0,0,0,0,0,0,0,0,0,1,0
Gomoku,2,196,225,420,2,1,15,15,4,225,7.22,3.73,3.48,0,0,0,0,0,0,0,1,0,0,0
Janes Soppi,2,8,11,18,2,2,3,5,2,21,4.73,3.27,1.45,0,0,0,0,0,0,0,1,0,1,0
Acedrex de los Cuatros Tiempos,4,64,81,144,28,2,8,8,4,64,6.56,3.50,3.06,0,0,0,0,0,0,0,0,0,1,0
Level Chess,4,160,189,348,24,1,14,14,12,160,7.03,3.65,3.38,0,0,0,0,0,0,0,0,0,1,0
NoGo,2,64,81,144,2,1,9,9,4,81,6.72,3.56,3.16,0,0,0,0,0,0,0,1,0,0,0
Two-Colour,2,40,25,56,2,1,5,5,4,25,5.76,4.48,1.28,0,0,0,0,0,0,0,1,0,0,0
Dama (Alquerque),2,32,25,56,4,1,5,5,4,25,4.48,4.48,0.00,0,0,0,0,0,0,0,1,0,0,0
SnipSnip,2,22,18,39,2,1,5,5,6,18,4.33,4.33,0.00,0,0,0,0,0,0,0,1,0,0,0
Flowers,2,114,217,330,2,1,15,15,18,114,9.42,4.21,3.21,0,0,0,0,0,0,0,0,0,1,0
Huli-Mane Ata,2,0,10,15,2,2,4,7,3,11,3.00,3.00,0.00,0,0,0,0,0,0,0,1,0,1,0
Driesticken,2,4,9,12,2,2,3,3,4,15,4.44,2.67,1.78,0,0,0,0,0,0,0,1,0,1,0
Duene,2,7,14,20,1,2,2,8,2,14,4.29,2.86,1.43,0,0,0,0,1,0,0,1,0,0,0
Atlanbagj,2,64,81,144,4,1,8,8,4,64,6.56,3.50,3.06,0,0,0,0,0,0,0,0,0,1,0
Nex,2,121,286,406,3,1,11,11,4,121,9.92,5.29,4.63,0,0,0,0,0,0,0,0,0,1,0
Qirq,2,4,9,12,2,2,3,3,4,15,4.44,2.67,1.78,0,0,0,0,0,0,0,1,0,1,0
Ecosys,2,64,81,144,2,1,9,9,4,81,6.72,3.56,3.16,0,0,0,0,0,0,0,1,0,0,0
Spline+,2,14,30,96,2,1,4,4,4,30,8.27,6.40,1.87,0,0,0,0,0,0,0,1,0,0,0
Dongjintian,2,4,10,13,1,1,2,5,4,16,4.20,2.60,1.60,0,0,0,0,1,0,0,1,0,1,0
Alquerque de Tres,2,8,9,16,2,1,3,3,4,11,3.56,3.56,0.00,0,0,0,0,0,0,0,1,0,1,0
Game of Dwarfs,2,4,8,16,2,3,4,4,2,9,4.00,4.00,0.00,0,0,0,0,0,0,0,1,0,1,0
Guettal,2,32,25,56,2,1,5,5,4,25,4.48,4.48,0.00,0,0,0,0,0,0,0,1,0,0,0
Maze,1,356,441,752,3,1,20,20,14,1108,7.39,3.78,3.62,0,0,0,0,0,0,0,0,1,1,0
Talyn Buga,2,72,55,126,2,1,13,5,9,56,4.73,4.58,0.15,0,0,0,0,0,0,0,1,0,1,0
Diagonal Draughts,2,100,121,220,4,1,10,10,4,100,6.84,3.60,3.24,0,0,0,0,0,0,0,0,0,1,0
Shatranj,2,64,81,144,12,1,8,8,4,64,6.56,3.50,3.06,0,0,0,0,0,0,0,0,0,1,0
Pentomino,2,60,77,136,12,1,6,10,4,72,6.47,3.47,3.00,0,0,0,0,0,0,0,0,0,1,0
Slimetrail,2,121,286,406,2,1,11,11,4,121,9.92,5.29,4.63,0,0,0,0,0,0,0,0,0,1,0
Centripetal Force,2,225,256,480,3,1,15,15,4,225,7.22,3.73,3.48,0,0,0,0,0,0,0,0,0,1,0
Greatest Loss,2,16,25,40,2,1,4,4,4,16,5.25,3.00,2.25,0,0,0,0,0,0,0,0,0,1,0
Alea Evangelii,2,361,400,760,3,1,19,19,4,361,7.38,3.79,3.59,0,0,0,0,0,0,0,0,0,1,0
Maharajah Chess,2,64,81,144,7,1,8,8,4,64,6.56,3.50,3.06,0,0,0,0,0,0,0,0,0,1,0
Quarto,2,9,16,24,4,2,4,4,4,41,5.25,3.00,2.25,0,0,0,0,0,0,0,1,0,1,0
Buttons And Lights,1,6,12,17,1,1,2,3,4,6,3.67,2.33,1.33,0,0,0,0,0,0,0,0,0,1,0
Mewelad,2,5,12,16,1,2,2,6,4,19,4.33,2.67,1.67,0,0,0,0,1,0,0,1,0,1,0
Loop Xiangqi,2,72,90,161,14,1,10,9,4,174,6.78,3.58,3.20,0,0,0,0,0,0,0,1,0,1,0
Mono,2,61,150,210,2,1,9,9,6,61,9.44,5.11,4.33,0,0,0,0,0,0,0,0,0,1,0
Xonin Shatar (Simple),2,0,24,40,2,2,7,7,4,26,3.33,3.33,0.00,0,0,0,0,0,0,0,1,0,1,0
Cross,2,61,150,210,2,1,9,9,6,61,9.44,5.11,4.33,0,0,0,0,0,0,0,0,0,1,0
Kharbaga,2,64,41,104,4,1,9,9,4,41,5.07,5.07,0.00,0,0,0,0,0,0,0,1,0,0,0
Selus (Massawa),2,10,18,27,1,2,3,6,4,30,5.22,3.00,2.22,0,0,0,0,1,0,0,1,0,1,0
Tshuba,2,9,16,24,1,1,4,4,4,18,5.25,3.00,2.25,0,0,0,0,1,0,0,1,0,1,0
Wa'ache Waledat,2,5,12,16,1,1,2,6,4,19,4.33,2.67,1.67,0,0,0,0,1,0,0,1,0,1,0
Annuvin,2,37,96,132,2,1,7,7,6,39,8.76,4.86,3.89,0,0,0,0,0,0,0,0,0,1,0
Ringo,2,1681,1764,3444,4,2,41,41,4,1681,7.71,3.90,3.81,1,0,0,0,0,0,0,0,0,1,0
Chatrang,4,64,81,144,20,1,8,8,4,64,6.56,3.50,3.06,0,0,0,1,0,0,0,0,0,1,0
Hordes Realm,2,43,120,162,4,3,9,9,6,43,8.37,4.47,3.91,0,0,0,0,0,0,0,0,0,1,0
Triad,3,61,150,210,3,1,9,9,6,61,9.44,5.11,4.33,0,0,0,0,0,0,0,0,0,1,0
Muvalavala (Luena),2,15,24,38,1,2,4,6,4,41,5.67,3.17,2.50,0,0,0,0,1,0,0,1,0,1,0
Rimoe,2,40,37,76,2,2,9,5,10,79,4.54,4.11,0.43,0,0,0,0,0,0,0,1,0,1,0
MiniXiangqi,2,36,49,84,10,1,7,7,4,49,6.37,3.43,2.94,0,0,0,0,0,0,0,1,0,0,0
Gale,2,169,196,364,2,1,13,13,4,169,7.10,3.69,3.41,0,0,0,0,0,0,0,0,0,1,0
Bashni,2,64,81,144,4,1,8,8,4,64,6.56,3.50,3.06,1,0,0,0,0,0,0,0,0,1,0
Spline,2,14,30,96,2,1,4,4,4,30,8.27,6.40,1.87,0,0,0,0,0,0,0,1,0,0,0
Tapatan,2,8,9,16,2,2,3,3,4,19,3.56,3.56,0.00,0,0,0,0,0,0,0,1,0,1,0
Kulaochal,2,32,25,56,2,1,5,5,4,25,4.48,4.48,0.00,0,0,0,0,0,0,0,1,0,0,0
Wouri,2,5,12,16,1,1,2,6,4,19,4.33,2.67,1.67,0,0,0,0,1,0,0,1,0,1,0
Shataranja,2,100,121,220,18,1,10,10,4,100,6.84,3.60,3.24,0,0,0,0,0,0,0,0,0,1,0
Archworm,2,39,109,150,2,1,8,8,9,41,7.69,4.31,3.38,1,0,0,0,0,0,0,0,0,1,0
Nchuwa,2,15,24,38,1,6,4,6,4,24,5.67,3.17,2.50,0,0,0,0,1,0,0,1,0,0,0
Gonnect,2,144,169,312,2,1,13,13,4,169,7.10,3.69,3.41,0,0,0,0,0,0,0,1,0,0,0
Pasang,2,84,112,208,2,2,11,11,4,112,6.50,3.71,2.79,0,0,0,0,0,0,0,1,0,0,0
Asalto,2,40,33,72,2,1,7,7,16,33,4.36,4.36,0.00,0,0,0,0,0,0,0,1,0,0,0
Maak Yek,2,64,81,144,2,1,8,8,4,64,6.56,3.50,3.06,0,0,0,0,0,0,0,0,0,1,0
Rampart,2,144,169,312,2,1,13,13,4,169,7.10,3.69,3.41,0,0,0,0,0,0,0,1,0,0,0
Gobblet Gobblers,2,9,16,24,6,1,3,3,4,15,4.44,2.67,1.78,1,0,0,0,0,0,0,0,0,1,0
LastEdge,2,16,25,40,3,1,5,5,4,65,5.76,3.20,2.56,0,0,0,0,0,0,0,1,1,0,0
Game of Solomon,2,18,19,36,4,1,7,9,6,19,5.05,3.79,1.26,0,0,0,0,0,0,0,1,0,0,0
Shred,2,331,726,1056,3,1,21,21,6,331,10.88,5.62,5.26,0,0,0,0,0,0,0,0,0,1,0
Morabaraba,2,0,25,40,2,2,7,7,4,27,3.20,3.20,0.00,0,0,0,0,0,0,0,1,0,1,0
Bul,6,0,20,19,10,2,1,19,2,49,1.89,1.89,0.00,0,0,0,0,0,0,0,0,1,1,0
Bosh,2,4,10,13,1,2,2,5,4,16,4.20,2.60,1.60,0,0,0,0,1,0,0,1,0,1,0
Qelat (Beni Amir-Mensa),2,5,12,16,1,1,2,6,4,12,4.33,2.67,1.67,0,0,0,0,1,0,0,1,0,0,0
Ataxx,2,49,64,112,2,1,7,7,4,49,6.37,3.43,2.94,0,0,0,0,0,0,0,0,0,1,0
Awithlaknakwe,4,672,365,1036,8,1,25,25,20,1041,5.68,5.68,0.00,0,0,0,1,0,0,0,1,0,1,0
Davxar Zirge (Type 1),2,0,32,72,2,2,9,9,4,34,4.50,4.50,0.00,0,0,0,0,0,0,0,1,0,1,0
Musoro Tsoro,2,21,32,52,1,1,4,8,4,32,5.88,3.25,2.62,0,0,0,0,1,0,0,1,0,0,0
Trike,2,91,222,312,2,2,13,13,3,91,9.49,5.14,4.35,0,0,0,0,0,0,0,0,0,1,0
Cascades,2,92,223,314,2,2,8,15,4,94,9.59,5.17,4.41,0,0,0,0,0,0,0,0,0,1,0
Yakamaido,2,0,24,40,2,3,7,7,4,26,3.33,3.33,0.00,0,0,0,0,0,0,0,1,0,1,0
Ring,2,0,9,16,2,3,3,3,8,11,3.56,3.56,0.00,0,0,0,0,0,0,0,1,0,1,0
Grasshopper,2,64,81,144,2,2,8,8,4,64,6.56,3.50,3.06,0,0,0,0,0,0,0,0,0,1,0
Chopsticks,2,4,9,12,4,1,2,2,4,4,3.00,2.00,1.00,0,0,0,0,0,0,0,0,0,1,0
Mity,2,61,150,210,2,1,9,9,6,61,9.44,5.11,4.33,0,0,0,0,0,0,0,0,0,1,0
O-Pat-Kono,2,16,25,40,2,1,5,5,4,25,5.76,3.20,2.56,0,0,0,0,0,0,0,1,0,0,0
Vertiges,2,81,104,184,2,1,12,12,24,104,6.65,3.54,3.12,0,0,0,0,0,0,0,1,0,0,0
Halma,2,256,289,544,2,2,16,16,4,256,7.27,3.75,3.52,0,0,0,0,0,0,0,0,0,1,0
Main Dam,2,64,81,144,4,1,8,8,4,64,6.56,3.50,3.06,0,0,0,0,0,0,0,0,0,1,0
Deka,2,1,13,12,1,1,3,5,4,13,2.77,1.85,0.92,0,0,0,0,1,0,0,1,0,0,0
Mankala,2,5,12,16,1,1,2,6,4,19,4.33,2.67,1.67,0,0,0,0,1,0,0,1,0,1,0
Hindustani Chess,2,64,81,144,12,1,8,8,4,64,6.56,3.50,3.06,0,0,0,0,0,0,0,0,0,1,0
Bombardment,2,64,81,144,2,1,8,8,4,64,6.56,3.50,3.06,0,0,0,0,0,0,0,0,0,1,0
Dama (Philippines),2,18,32,49,4,1,7,8,16,32,5.31,3.06,2.25,0,0,0,0,0,0,0,1,0,0,0
Minefield,2,64,81,144,1,1,8,8,4,64,6.56,3.50,3.06,0,0,0,0,0,0,0,0,0,1,0
Mangola,2,21,32,52,1,3,4,8,4,34,5.88,3.25,2.62,0,0,0,0,1,0,0,1,0,1,0
L'attaque,2,84,110,196,24,2,10,9,4,108,6.19,3.33,2.86,0,0,1,0,0,0,0,0,0,1,0
So Long Sucker,4,28,40,67,4,1,4,7,4,48,5.79,3.21,2.57,1,0,0,0,0,0,0,0,0,1,0
AlmaTafl,2,73,216,252,3,1,11,11,30,73,9.70,5.10,4.60,1,0,0,0,0,0,0,0,0,1,0
Shi Liu Kan Tsiang Kun,2,36,31,66,2,1,7,7,7,31,4.52,4.26,0.26,0,0,0,0,0,0,0,1,0,0,0
De Vasa Chess,2,81,198,278,12,1,9,9,4,81,9.48,5.14,4.35,0,0,0,0,0,0,0,0,0,1,0
Gabata (Aksum),2,10,18,27,1,2,3,6,4,30,5.22,3.00,2.22,0,0,0,0,1,0,0,1,0,1,0
Refugia,2,27,73,99,3,1,6,6,6,27,8.22,4.67,3.56,0,0,0,0,0,0,0,0,0,1,0
Ashanti Draughts,2,32,25,56,4,1,5,5,4,25,4.48,4.48,0.00,0,0,0,0,0,0,0,1,0,0,0
Weave,2,81,100,180,2,1,10,10,4,102,6.84,3.60,3.24,0,0,0,0,0,0,0,1,0,1,0
Omnidirectional Draughts,2,64,81,144,4,1,8,8,4,64,6.56,3.50,3.06,0,0,0,0,0,0,0,0,0,1,0
Koruboddo,2,25,36,60,2,1,5,5,4,25,5.76,3.20,2.56,0,0,0,0,0,0,0,0,0,1,0
Dodgem,2,9,16,24,2,1,3,3,4,9,4.44,2.67,1.78,0,0,0,0,0,0,0,0,0,1,0
Aiyawatstani,2,64,41,104,2,1,9,9,4,41,5.07,5.07,0.00,0,0,0,0,0,0,0,1,0,0,0
Alquerque de Doze (Portugal),2,40,37,76,2,1,9,5,10,37,4.54,4.11,0.43,0,0,0,0,0,0,0,1,0,0,0
Caturvimsatikosthakatmiki Krida,2,24,36,59,2,1,3,8,4,24,5.42,3.08,2.33,0,0,0,0,0,0,0,0,0,1,0
Vanguard,2,40,115,145,10,1,8,9,14,40,8.70,4.75,3.95,0,0,0,0,0,0,0,0,0,1,0
Bao,2,21,32,52,1,1,4,8,4,34,5.88,3.25,2.62,0,0,0,0,1,0,0,1,0,1,0
Geister,2,36,49,84,4,2,6,6,4,40,6.11,3.33,2.78,0,0,1,0,0,0,0,0,0,1,0
Chomp,2,20,30,49,1,1,4,5,4,20,5.50,3.10,2.40,0,0,0,0,0,0,0,0,0,1,0
Aralzaa,2,9,16,24,2,1,3,3,4,9,4.44,2.67,1.78,0,0,0,0,0,0,0,0,0,1,0
Dimraw,2,0,20,32,2,2,7,7,4,22,3.20,3.20,0.00,0,0,0,0,0,0,0,1,0,1,0
Diviyan Keliya,2,48,49,96,2,3,9,9,16,99,4.57,3.92,0.65,0,0,0,0,0,0,0,1,0,1,0
Pic,5,0,15,15,1,1,8,15,15,20,2.00,2.00,0.00,0,0,0,0,1,0,0,1,0,1,0
Cannon,2,81,100,180,4,2,10,10,4,102,6.84,3.60,3.24,0,0,0,0,0,0,0,1,0,1,0
HexTrike,2,127,294,420,2,2,13,13,6,127,10.20,5.39,4.82,0,0,0,0,0,0,0,0,0,1,0
Khrour,2,1,4,4,1,2,2,2,4,7,3.00,2.00,1.00,0,0,0,0,1,0,0,1,0,1,0
Dash Guti,2,12,21,36,2,1,7,7,4,21,4.95,3.43,1.52,0,0,0,0,0,0,0,1,0,0,0
Spought,2,14,30,96,2,1,7,7,4,30,8.27,6.40,1.87,0,0,0,0,0,0,0,1,0,0,0
Spuzzle,1,14,30,96,3,1,7,7,4,30,8.27,6.40,1.87,0,0,0,0,0,0,0,1,0,0,0
Xiangqi,2,72,90,161,14,1,10,9,4,90,6.78,3.58,3.20,0,0,0,0,0,0,0,1,0,0,0
Symple,2,324,361,684,3,1,19,19,4,361,7.38,3.79,3.59,0,0,0,0,0,0,0,1,0,0,0
Lobudok,2,21,32,52,1,1,4,8,4,34,5.88,3.25,2.62,0,0,0,0,1,0,0,1,0,1,0
Ryakati,2,21,32,52,1,4,4,8,4,34,5.88,3.25,2.62,0,0,0,0,1,0,0,1,0,1,0
Shah,2,0,24,32,2,3,7,7,4,26,2.67,2.67,0.00,0,0,0,0,0,0,0,1,0,1,0
Rongmei Naga Alignment Game,2,0,24,40,2,2,7,7,4,26,3.33,3.33,0.00,0,0,0,0,0,0,0,1,0,1,0
Makvoer,2,64,81,144,4,1,8,8,4,64,6.56,3.50,3.06,0,0,0,0,0,0,0,0,0,1,0
Workers and Soldiers,2,75,181,255,6,4,10,10,6,79,9.68,5.20,4.48,0,0,0,0,0,0,0,0,0,1,0
Namudilakunze,2,18,28,45,1,2,4,7,4,30,5.79,3.21,2.57,0,0,0,0,1,0,0,1,0,1,0
Scaffold,2,121,144,264,2,1,12,12,4,144,7.03,3.67,3.36,0,0,0,0,0,0,0,1,0,0,0
J'odu,2,7,14,20,1,1,2,8,2,14,4.29,2.86,1.43,0,0,0,0,1,0,0,1,0,0,0
Wolf and Sheep,2,64,81,144,2,1,8,8,4,64,6.56,3.50,3.06,0,0,0,0,0,0,0,0,0,1,0
Damspel,2,64,81,144,4,1,8,8,4,64,6.56,3.50,3.06,0,0,0,0,0,0,0,0,0,1,0
Loop Chess,2,64,81,144,12,1,8,8,4,76,6.56,3.50,3.06,0,0,0,0,0,0,0,0,0,1,0
Wrigglers Squared,2,64,81,144,2,1,9,9,4,81,6.72,3.56,3.16,0,0,0,0,0,0,0,1,0,0,0
Diagonals,2,49,64,112,2,1,8,8,4,64,6.56,3.50,3.06,0,0,0,0,0,0,0,1,0,0,0
Wellisch Chess,3,91,216,306,15,1,11,11,6,100,9.89,5.27,4.62,0,0,0,0,0,0,0,0,0,1,0
Bagh Batti,2,32,25,56,2,1,5,5,4,25,4.48,4.48,0.00,1,0,0,0,0,0,0,1,0,0,0
Trique,2,0,24,32,2,2,7,7,4,26,2.67,2.67,0.00,0,0,0,0,0,0,0,1,0,1,0
Padaivettu,2,32,49,88,2,1,9,9,16,49,4.24,3.59,0.65,0,0,0,0,0,0,0,1,0,0,0
Natt Klab ash-Shawk,2,25,36,60,2,1,5,5,4,25,5.76,3.20,2.56,0,0,0,0,0,0,0,0,0,1,0
Galatjang,2,7,14,20,1,2,2,8,2,14,4.29,2.86,1.43,0,0,0,0,1,0,0,1,0,0,0
Mbenga Alignment Game,2,8,9,16,2,1,3,3,4,11,3.56,3.56,0.00,0,0,0,0,0,0,0,1,0,1,0
Labirintus,1,320,357,676,3,1,16,20,4,320,7.34,3.77,3.56,0,0,0,0,0,0,0,0,0,1,0
Lu Qi,2,32,25,56,2,1,5,5,4,25,4.48,4.48,0.00,0,0,0,0,0,0,0,1,0,0,0
Chess,2,64,81,144,12,1,8,8,4,64,6.56,3.50,3.06,0,0,0,0,0,0,0,0,0,1,0
Kiuthi,2,7,14,20,1,2,2,8,2,14,4.29,2.86,1.43,0,0,0,0,1,0,0,1,0,0,0
Splastwo,2,14,30,96,2,1,4,4,4,30,8.27,6.40,1.87,0,0,0,0,0,0,0,1,0,0,0
Choro (Lango),2,21,32,52,1,2,4,8,4,32,5.88,3.25,2.62,0,0,0,0,1,0,0,1,0,0,0
Hoyito,2,5,12,16,1,1,2,6,4,19,4.33,2.67,1.67,0,0,0,0,1,0,0,1,0,1,0
Catapult,2,64,81,144,2,1,8,8,4,64,6.56,3.50,3.06,0,0,0,0,0,0,0,0,0,1,0
Go,2,324,361,684,2,1,19,19,4,361,7.38,3.79,3.59,0,0,0,0,0,0,0,1,0,0,0
Dodo,2,37,96,132,2,1,7,7,6,37,8.76,4.86,3.89,0,0,0,0,0,0,0,0,0,1,0
Spree,2,14,30,96,3,2,4,4,4,35,8.27,6.40,1.87,0,0,0,0,0,0,0,1,0,1,0
Shatranj (Algeria),2,64,81,144,12,1,8,8,4,64,6.56,3.50,3.06,0,0,0,0,0,0,0,0,0,1,0
Jeu Militaire,2,12,11,22,2,1,5,3,2,11,4.00,4.00,0.00,0,0,0,0,0,0,0,1,0,0,0
Raja Pasu Mandiri,3,0,17,12,1,2,3,7,7,17,1.41,1.41,0.00,0,0,0,0,1,0,0,1,0,0,0
Mini Hexchess,2,37,96,132,12,1,7,7,6,37,8.76,4.86,3.89,0,0,0,0,0,0,0,0,0,1,0
Kpo,2,7,14,20,1,1,2,8,2,14,4.29,2.86,1.43,0,0,0,0,1,0,0,1,0,0,0
Gygoreg,2,181,220,400,2,1,19,19,32,181,7.16,3.58,3.58,0,0,0,0,0,0,0,0,0,1,0
Bay Khom,2,5,10,14,1,2,2,6,2,17,4.00,2.80,1.20,0,0,0,0,1,0,0,1,0,1,0
Football Chess,2,81,100,180,11,1,9,9,4,81,6.72,3.56,3.16,0,0,0,0,0,0,0,0,0,1,0
Gol Ekuish,2,0,43,84,2,1,23,15,6,43,3.91,3.91,0.00,0,0,0,0,0,0,0,1,0,0,0
Tant Fant,2,8,9,16,2,1,3,3,4,9,3.56,3.56,0.00,0,0,0,0,0,0,0,1,0,0,0
Taikyoku Shogi,2,1296,1369,2664,596,1,36,36,4,1296,7.67,3.89,3.78,0,0,0,0,0,0,0,0,0,1,0
Windir,2,2,8,28,1,1,11,11,28,28,12.00,12.00,0.00,0,0,0,0,0,0,0,0,1,0,0
Bara Guti,2,32,25,56,2,1,5,5,4,25,4.48,4.48,0.00,0,0,0,0,0,0,0,1,0,0,0
Peralikatuma,2,48,49,96,2,1,9,9,16,49,4.57,3.92,0.65,0,0,0,0,0,0,0,1,0,0,0
Watershed,2,64,81,144,4,1,9,9,4,83,6.72,3.56,3.16,0,0,0,0,0,0,0,1,0,1,0
Snort,2,64,81,144,2,1,8,8,4,64,6.56,3.50,3.06,0,0,0,0,0,0,0,0,0,1,0
Qi Guo Xiangxi,7,324,361,684,71,1,19,19,4,692,7.38,3.79,3.59,0,0,0,0,0,0,0,1,0,1,0
Bagh Guti,2,24,25,48,2,1,5,5,4,25,5.12,3.84,1.28,1,0,0,0,0,0,0,1,0,0,0
Los Alamos Chess,2,36,49,84,10,1,6,6,4,36,6.11,3.33,2.78,0,0,0,0,0,0,0,0,0,1,0
Barca,2,100,121,220,6,1,10,10,4,100,6.84,3.60,3.24,0,0,0,0,0,0,0,0,0,1,0
Starchess,2,37,102,138,12,2,9,9,12,47,8.11,4.54,3.57,0,0,0,0,0,0,0,0,0,1,0
Nin Adnai Kit Adnat,2,144,169,312,4,1,12,12,4,144,7.03,3.67,3.36,0,0,0,0,0,0,0,0,0,1,0
Adjiboto,2,4,10,13,1,2,2,5,4,16,4.20,2.60,1.60,0,0,0,0,1,0,0,1,0,1,0
Ngrin,2,8,9,16,2,2,3,3,4,9,3.56,3.56,0.00,0,0,0,0,0,0,0,1,0,0,0
Nchayo,2,12,20,31,1,1,4,5,4,34,5.50,3.10,2.40,0,0,0,0,1,0,0,1,0,1,0
Njombwa,2,21,32,52,1,3,4,8,4,32,5.88,3.25,2.62,0,0,0,0,1,0,0,1,0,0,0
Kapana Bona,2,2,6,7,1,1,2,3,4,10,3.67,2.33,1.33,0,0,0,0,1,0,0,1,0,1,0
L Game,2,16,25,40,3,1,4,4,4,16,5.25,3.00,2.25,0,0,0,0,0,0,0,0,0,1,0
Moo,2,64,81,144,4,1,8,8,4,64,6.56,3.50,3.06,0,0,0,0,0,0,0,0,0,1,0
Musinaykahwhanmetowaywin,2,40,33,72,2,1,7,7,16,33,4.36,4.36,0.00,0,0,0,0,0,0,0,1,0,0,0
Abrobad,2,12,37,48,2,1,4,4,6,12,6.50,4.00,2.50,0,0,0,0,0,0,0,0,0,1,0
Wore,2,3,8,10,1,1,2,4,4,13,4.00,2.50,1.50,0,0,0,0,1,0,0,1,0,1,0
Quixo,2,25,36,60,3,1,5,5,4,27,5.76,3.20,2.56,0,0,0,0,0,0,0,0,0,1,0
Tepong,2,64,81,144,12,1,8,8,4,64,6.56,3.50,3.06,0,0,0,0,0,0,0,0,0,1,0
Merimueng-rimueng,2,40,37,76,2,2,9,5,10,78,4.54,4.11,0.43,1,0,0,0,0,0,0,1,0,1,0
Ashanti Alignment Game,2,0,24,32,2,2,7,7,4,26,2.67,2.67,0.00,0,0,0,0,0,0,0,1,0,1,0
Lava,2,37,96,132,2,1,7,7,6,37,8.76,4.86,3.89,1,0,0,0,0,0,0,0,0,1,0
Parry,3,52,36,87,3,1,7,7,6,36,4.83,4.83,0.00,0,0,0,0,0,0,0,1,0,0,0
Omega,2,61,150,210,2,1,9,9,6,61,9.44,5.11,4.33,0,0,0,0,0,0,0,0,0,1,0
Tsoro Yemutatu,2,8,9,16,2,2,3,3,4,19,3.56,3.56,0.00,0,0,0,0,0,0,0,1,0,1,0
Bajr,2,36,49,84,2,1,6,6,4,36,6.11,3.33,2.78,0,0,0,0,0,0,0,0,0,1,0
Mefuvha,2,45,64,108,1,1,4,16,4,111,6.19,3.38,2.81,0,0,0,0,1,0,0,1,0,1,0
Sute,2,21,32,52,1,1,4,8,4,32,5.88,3.25,2.62,0,0,0,0,1,0,0,1,0,0,0
Shatera,2,64,81,144,12,2,8,8,4,64,6.56,3.50,3.06,0,0,0,0,0,0,0,0,0,1,0
Do Guti,2,0,5,7,2,2,3,3,5,7,2.80,2.80,0.00,0,0,0,0,0,0,0,1,0,1,0
Komikan,2,42,38,79,2,1,8,9,7,38,4.79,4.16,0.63,0,0,0,0,0,0,0,1,0,0,0
Score Four,2,16,25,40,2,1,4,8,4,16,5.25,3.00,2.25,1,0,0,0,0,0,0,0,0,1,0
Spartan Chess,2,64,81,144,12,1,8,8,4,64,6.56,3.50,3.06,0,0,0,0,0,0,0,0,0,1,0
RootZone,2,94,60,153,3,1,9,9,6,60,5.10,5.10,0.00,0,0,0,0,0,0,0,1,0,0,0
Spargo,2,14,30,96,2,1,4,4,4,30,8.27,6.40,1.87,0,0,0,0,0,0,0,1,0,0,0
Fractal,2,151,379,528,2,1,35,52,12,151,10.12,4.69,5.43,0,0,0,0,0,0,0,0,0,1,0
Agilidade,2,2,5,6,2,1,3,5,2,7,2.40,2.40,0.00,1,0,0,0,0,0,0,1,0,1,0
Adidada,2,7,14,20,1,1,2,8,2,21,4.29,2.86,1.43,0,0,0,0,1,0,0,1,0,1,0
Maleys,2,100,121,220,4,1,10,10,4,100,6.84,3.60,3.24,0,0,0,0,0,0,0,0,0,1,0
Buudal,2,16,13,28,2,2,5,5,4,31,4.31,4.31,0.00,0,0,0,0,0,0,0,1,0,1,0
Morpharaoh,2,48,93,140,3,1,8,8,16,48,6.42,4.17,2.25,0,0,0,0,0,0,0,0,0,1,0
Sujjua,2,0,24,32,2,1,7,7,4,26,2.67,2.67,0.00,0,0,0,0,0,0,0,1,0,1,0
Icosian,1,11,20,30,1,2,10,13,5,50,5.75,3.00,2.75,0,0,0,0,0,0,0,1,1,0,0
Ikibuguzo (Opening 1),2,21,32,52,1,4,4,8,4,34,5.88,3.25,2.62,0,0,0,0,1,0,0,1,0,1,0
Ram Tir,2,64,81,176,2,1,9,9,4,82,6.72,4.35,2.37,0,0,0,0,0,0,0,1,0,1,0
Amazons,2,100,121,220,3,1,10,10,4,100,6.84,3.60,3.24,0,0,0,0,0,0,0,0,0,1,0
Shiva,2,30,42,71,2,2,5,6,4,32,5.93,3.27,2.67,0,0,0,0,0,0,0,0,0,1,0
Clobber,2,100,121,220,2,1,10,10,4,100,6.84,3.60,3.24,0,0,0,0,0,0,0,0,0,1,0
HexGo,2,150,91,240,2,1,11,11,6,91,5.27,5.27,0.00,0,0,0,0,0,0,0,1,0,0,0
Manalath,2,61,150,210,2,1,9,9,6,63,9.44,5.11,4.33,0,0,0,0,0,0,0,0,0,1,0
Woli,2,5,12,16,1,1,2,6,4,19,4.33,2.67,1.67,0,0,0,0,1,0,0,1,0,1,0
Tic-Tac-Toe Misere,2,9,16,24,2,1,3,3,4,9,4.44,2.67,1.78,0,0,0,0,0,0,0,0,0,1,0
Moxie,2,16,25,40,2,1,4,4,4,18,5.25,3.00,2.25,0,0,0,0,0,0,0,0,0,1,0
Shashki,2,64,81,144,4,1,8,8,4,64,6.56,3.50,3.06,0,0,0,0,0,0,0,0,0,1,0
Don't Mosey and The Last Scavenger,2,61,150,210,2,1,9,9,6,61,9.44,5.11,4.33,0,0,0,0,0,0,0,0,0,1,0
Brood,2,61,150,210,3,1,9,9,6,62,9.44,5.11,4.33,0,0,0,0,0,0,0,0,0,1,0
Dame,2,64,81,144,4,1,8,8,4,64,6.56,3.50,3.06,0,0,0,0,0,0,0,0,0,1,0
Magic Hexagon,1,19,54,72,0,1,5,5,6,19,7.58,4.42,3.16,0,0,0,0,0,0,0,0,0,1,1
Rab'e,2,10,18,27,1,2,3,6,4,30,5.22,3.00,2.22,0,0,0,0,1,0,0,1,0,1,0
Uthi,2,9,18,26,1,2,2,10,2,18,4.44,2.89,1.56,0,0,0,0,1,0,0,1,0,0,0
Fettas,2,0,24,32,2,2,7,7,4,26,2.67,2.67,0.00,0,0,0,0,0,0,0,1,0,1,0
Bide,2,96,61,156,2,1,9,9,6,63,5.11,5.11,0.00,1,0,0,0,0,0,0,1,0,1,0
Tic Tactics,2,85,144,232,4,1,11,11,24,85,4.61,2.54,2.07,0,0,0,0,0,0,0,0,0,1,0
Hyvn aetter Hare,2,16,13,28,2,2,5,5,8,31,4.31,4.31,0.00,0,0,0,0,0,0,0,1,0,1,0
N Queens,1,64,81,144,0,1,8,8,4,64,6.56,3.50,3.06,0,0,0,0,0,0,0,0,0,1,1
Insanity,1,10,22,31,2,1,1,10,2,10,1.80,1.80,0.00,0,0,0,0,0,0,0,0,0,1,0
Astralesce and Constellation,2,61,150,210,2,1,9,9,6,61,9.44,5.11,4.33,0,0,0,0,0,0,0,0,0,1,0
Mwendo,4,27,40,66,4,1,4,10,4,40,6.00,3.30,2.70,0,0,0,0,1,0,0,1,0,0,0
Zurgaan Tal,2,0,36,60,2,2,15,11,6,38,3.33,3.33,0.00,0,0,0,0,0,0,0,1,0,1,0
Epoxy,2,46,39,84,2,1,8,8,6,39,4.77,4.31,0.46,0,0,0,0,0,0,0,1,0,0,0
Spyramid,2,14,30,96,2,1,7,7,4,30,8.27,6.40,1.87,0,0,0,0,0,0,0,1,0,0,0
Khamousiyya,2,49,64,112,2,2,7,7,4,51,6.37,3.43,2.94,0,0,0,0,0,0,0,0,0,1,0
Katra Boaoaka,2,21,32,52,1,1,4,8,4,34,5.88,3.25,2.62,0,0,0,0,1,0,0,1,0,1,0
Spots,2,61,150,210,1,1,9,9,6,61,9.44,5.11,4.33,0,0,0,0,0,0,0,0,0,1,0
Frisian Draughts,2,100,121,220,4,1,10,10,4,100,6.84,3.60,3.24,0,0,0,0,0,0,0,0,0,1,0
Kassle,2,25,36,60,2,1,5,5,4,25,5.76,3.20,2.56,0,0,0,0,0,0,0,0,0,1,0
Gabata (Ansaba),2,5,12,16,1,2,2,6,4,19,4.33,2.67,1.67,0,0,0,0,1,0,0,1,0,1,0
Quoridor,2,81,100,180,3,1,9,9,4,263,6.72,3.56,3.16,0,0,0,0,0,0,0,0,1,1,0
Bao Kiswahili (East Africa),2,21,32,52,1,1,4,8,4,34,5.88,3.25,2.62,0,0,0,0,1,0,0,1,0,1,0
Li'b al-'Aqil,2,5,12,16,1,3,2,6,4,19,4.33,2.67,1.67,0,0,0,0,1,0,0,1,0,1,0
Brusky Chess,2,84,241,285,12,1,8,12,6,84,9.71,5.21,4.50,0,0,0,0,0,0,0,0,0,1,0
Tic-Tac-Mo,3,15,24,38,3,1,3,5,4,15,5.07,2.93,2.13,0,0,0,0,0,0,0,0,0,1,0
Leyla,2,5,12,16,1,2,2,6,4,19,4.33,2.67,1.67,0,0,0,0,1,0,0,1,0,1,0
ArdRi,2,49,64,112,3,1,7,7,4,49,6.37,3.43,2.94,0,0,0,0,0,0,0,0,0,1,0
Reach Chess,2,64,81,144,12,1,8,8,4,64,6.56,3.50,3.06,0,0,0,0,0,0,0,0,0,1,0
Lines of Action,2,64,81,144,2,1,8,8,4,64,6.56,3.50,3.06,0,0,0,0,0,0,0,0,0,1,0
Rimau-Rimau (Two Tigers),2,40,37,76,2,5,9,5,10,79,4.54,4.11,0.43,0,0,0,0,0,0,0,1,0,1,0
Yavalanchor,2,61,150,210,3,1,9,9,6,62,9.44,5.11,4.33,0,0,0,0,0,0,0,0,0,1,0
Nein Ari,1,9,6,15,1,1,3,5,10,15,8.00,8.00,0.00,0,0,0,0,0,0,0,0,1,0,0
Oriath,1,2,7,21,1,1,9,19,21,21,10.00,10.00,0.00,0,0,0,0,0,0,0,0,1,0,0
MaxMatch,2,4,23,26,2,1,4,9,9,49,2.43,2.26,0.17,0,0,0,0,0,0,0,1,1,0,0
Signum,2,91,216,306,2,1,11,11,6,91,9.89,5.27,4.62,0,0,0,0,0,0,0,0,0,1,0
Davxar Zirge (Type 2),2,4,32,80,2,2,9,9,4,38,6.00,5.00,1.00,0,0,0,0,0,0,0,1,0,1,0
Picaria,2,4,9,12,2,2,3,3,4,15,4.44,2.67,1.78,0,0,0,0,0,0,0,1,0,1,0
Adugo,2,36,31,66,2,1,7,5,7,31,4.52,4.26,0.26,0,0,0,0,0,0,0,1,0,0,0
Quendo,4,21,32,52,4,1,4,8,4,36,5.88,3.25,2.62,0,0,0,0,1,0,0,1,0,1,0
Mawryngkneng Solitaire Game,1,0,23,6,2,2,9,3,18,23,0.52,0.52,0.00,0,0,0,0,0,0,0,1,0,0,0
Half Chess,2,32,45,76,10,1,4,8,4,32,5.88,3.25,2.62,0,0,0,0,0,0,0,0,0,1,0
Centrifugal Force,2,169,196,364,3,1,13,13,4,169,7.10,3.69,3.41,0,0,0,0,0,0,0,0,0,1,0
Orissa Tiger Game (Four Tigers),2,32,25,56,2,2,5,5,4,58,4.48,4.48,0.00,0,0,0,0,0,0,0,1,0,1,0
Spire,2,14,30,96,3,1,7,7,4,33,8.27,6.40,1.87,0,0,0,0,0,0,0,1,0,1,0
Archimedes,2,64,81,144,2,1,8,8,4,66,6.56,3.50,3.06,0,0,0,0,0,0,0,0,0,1,0
Atoll,2,140,350,465,2,1,16,16,26,140,10.26,5.36,4.90,0,0,0,0,0,0,0,0,0,1,0
Azteka,2,32,41,72,2,2,16,16,8,34,7.00,3.50,3.50,0,0,0,0,0,0,0,0,0,1,0
Misoro Tsoro,2,21,32,52,1,2,4,8,4,32,5.88,3.25,2.62,0,0,0,0,1,0,0,1,0,0,0
Mig Mang,2,256,289,544,2,1,17,17,4,289,7.31,3.76,3.54,0,0,0,0,0,0,0,1,0,0,0
Four-Player Chess,4,160,189,348,24,1,14,14,12,160,7.03,3.65,3.38,0,0,0,0,0,0,0,0,0,1,0
Bizingo,2,157,105,252,4,1,22,21,12,157,10.36,2.79,2.75,0,0,0,0,0,0,0,0,0,1,0
Poprad Game,2,289,324,612,2,2,17,17,4,291,7.31,3.76,3.54,0,0,0,0,0,0,0,0,0,1,0
Nuktagaq,2,34,33,69,2,1,7,7,16,34,4.18,4.18,0.00,0,0,0,0,0,0,0,1,0,1,0
Quantik,2,9,16,24,8,1,4,4,4,24,5.25,3.00,2.25,0,0,0,0,0,0,0,1,0,1,0
Dama (Kenya),2,64,81,144,4,1,8,8,4,64,6.56,3.50,3.06,0,0,0,0,0,0,0,0,0,1,0
Diris,2,0,24,40,2,1,7,7,4,26,3.33,3.33,0.00,0,0,0,0,0,0,0,1,0,1,0
Stratomic,2,100,121,220,14,1,10,10,4,100,6.84,3.60,3.24,0,0,0,0,0,0,0,0,0,1,0
Go with the Floe,2,52,69,120,3,1,8,8,12,52,6.54,3.38,3.15,0,0,0,0,0,0,0,0,0,1,0
Overflow,2,36,49,84,1,1,6,6,4,36,6.11,3.33,2.78,1,0,0,0,0,0,0,0,0,1,0
Madrod,2,14,30,96,2,1,4,4,4,30,8.27,6.40,1.87,0,0,0,0,0,0,0,1,0,0,0
Knightthrough,2,64,81,144,2,1,8,8,4,64,6.56,3.50,3.06,0,0,0,0,0,0,0,0,0,1,0
FairKalah,2,7,14,20,1,1,2,8,2,14,4.29,2.86,1.43,0,0,0,0,1,0,0,1,0,0,0
Tara,2,16,25,40,2,2,5,5,4,25,5.76,3.20,2.56,0,0,0,0,0,0,0,1,0,0,0
Damenspiel,2,64,81,144,4,1,8,8,4,64,6.56,3.50,3.06,0,0,0,0,0,0,0,0,0,1,0
Gabata (Oromo),2,5,12,16,1,3,2,6,4,19,4.33,2.67,1.67,0,0,0,0,1,0,0,1,0,1,0
Trax,2,1681,1764,3444,2,2,41,41,4,1683,7.71,3.90,3.81,0,0,0,0,0,0,0,0,0,1,0
Canadian Draughts,2,144,169,312,4,1,12,12,4,144,7.03,3.67,3.36,0,0,0,0,0,0,0,0,0,1,0
Root,2,61,150,210,1,1,9,9,6,61,9.44,5.11,4.33,0,0,0,0,0,0,0,0,0,1,0
Pula,2,37,96,132,4,1,7,7,6,133,8.76,4.86,3.89,0,0,0,0,0,0,0,1,0,1,0
Cylinder Chess,2,64,81,144,12,1,8,8,4,64,6.56,3.50,3.06,0,0,0,0,1,0,0,0,0,1,0
Shogi,2,81,100,180,28,1,9,9,4,95,6.72,3.56,3.16,0,0,0,0,0,0,0,0,0,1,0
Dongjintian (Four Players),4,12,20,31,1,1,4,5,4,36,5.50,3.10,2.40,0,0,0,0,0,0,0,1,0,1,0
Ilpion,2,0,36,35,3,1,12,14,19,71,1.94,1.94,0.00,0,0,0,0,0,0,0,1,1,0,0
Three Men's Morris,2,8,9,16,2,2,3,3,4,19,3.56,3.56,0.00,0,0,0,0,0,0,0,1,0,1,0
Seven-Fang,2,36,49,84,2,3,7,7,4,87,6.37,3.43,2.94,0,0,0,0,0,0,0,1,0,1,0
Mao Naga Tiger Game,2,40,37,76,2,1,9,5,10,37,4.54,4.11,0.43,1,0,0,0,0,0,0,1,0,0,0
Juroku Musashi,2,36,33,70,2,1,7,7,12,33,4.36,4.24,0.12,0,0,0,0,0,0,0,1,0,0,0
Momentum,2,49,64,112,2,1,7,7,4,49,6.37,3.43,2.94,0,0,0,0,0,0,0,0,0,1,0
Odd,2,61,150,210,2,1,9,9,6,63,9.44,5.11,4.33,0,0,0,0,0,0,0,0,0,1,0
Millieu,2,12,27,36,3,1,9,3,12,45,4.44,2.67,1.78,0,0,0,0,0,0,0,1,0,1,0
Greater Loss,2,16,25,40,2,1,4,4,4,16,5.25,3.00,2.25,0,0,0,0,0,0,0,0,0,1,0
Kharebga (7x7),2,49,64,112,2,2,7,7,4,51,6.37,3.43,2.94,0,0,0,0,0,0,0,0,0,1,0
Nao Gutiya Baithaneka,1,6,10,15,1,1,5,9,5,17,3.50,3.00,0.50,0,0,0,0,0,0,0,1,0,1,0
Skak,2,64,81,144,12,1,8,8,4,64,6.56,3.50,3.06,0,0,0,0,0,0,0,0,0,1,0
Jeu de Renard (Two Foxes),2,64,81,144,2,2,8,8,4,64,6.56,3.50,3.06,0,0,0,0,0,0,0,0,0,1,0
Selus,2,10,18,27,1,1,3,6,4,20,5.22,3.00,2.22,0,0,0,0,1,0,0,1,0,1,0
DisPath,2,16,25,40,2,1,5,5,4,65,5.76,3.20,2.56,0,0,0,0,0,0,0,1,1,0,0
Official Football Chess,2,64,81,144,12,1,8,8,4,64,6.56,3.50,3.06,0,0,0,0,0,0,0,0,0,1,0
Sparro,2,14,30,96,3,1,7,7,4,32,8.27,6.40,1.87,0,0,0,0,0,0,0,1,0,1,0
Okwe (Nigeria),2,9,20,28,1,2,2,10,4,31,4.60,2.80,1.80,0,0,0,0,1,0,0,1,0,1,0
Keryo-Pente,2,324,361,684,2,2,19,19,4,361,7.38,3.79,3.59,0,0,0,0,0,0,0,1,0,0,0
Dam,2,144,169,312,4,1,12,12,4,144,7.03,3.67,3.36,0,0,0,0,0,0,0,0,0,1,0
Achi,2,0,16,20,2,2,5,5,4,18,2.50,2.50,0.00,0,0,0,0,0,0,0,1,0,1,0
Span,2,14,30,96,2,1,7,7,4,30,8.27,6.40,1.87,0,0,0,0,0,0,0,1,0,0,0
Gekitai,2,36,49,84,2,1,6,6,4,38,6.11,3.33,2.78,0,0,0,0,0,0,0,0,0,1,0
Lam Pusri,2,40,37,76,2,1,9,5,10,37,4.54,4.11,0.43,0,0,0,0,0,0,0,1,0,0,0
Virus,2,64,81,144,2,1,8,8,4,64,6.56,3.50,3.06,0,0,0,0,0,0,0,0,0,1,0
The Pawn Game,2,64,81,144,2,1,8,8,4,64,6.56,3.50,3.06,0,0,0,0,0,0,0,0,0,1,0
Wrigglers,2,73,48,120,2,1,8,8,6,48,5.00,5.00,0.00,0,0,0,0,0,0,0,1,0,0,0
Bao Ki Arabu (Zanzibar 1),2,21,32,52,1,1,4,8,4,55,5.88,3.25,2.62,0,0,0,0,1,0,0,1,0,1,0
Sponnect,2,14,30,96,3,1,7,7,4,30,8.27,6.40,1.87,0,0,0,0,0,0,0,1,0,0,0
Nei-Pat-Kono,2,9,16,24,2,1,4,4,4,16,5.25,3.00,2.25,0,0,0,0,0,0,0,1,0,0,0
YavaGo,2,61,150,210,2,1,9,9,6,61,9.44,5.11,4.33,0,0,0,0,0,0,0,0,0,1,0
Dris at-Talata,2,9,16,24,2,2,3,3,4,11,4.44,2.67,1.78,0,0,0,0,0,0,0,0,0,1,0
Camelot,2,160,189,348,4,1,12,16,20,160,7.12,3.65,3.48,0,0,0,0,0,0,0,0,0,1,0
Beirut Chess,2,64,81,144,12,2,8,8,4,64,6.56,3.50,3.06,0,0,1,0,0,0,0,0,0,1,0
Katro,2,25,36,60,1,1,6,6,4,36,6.11,3.33,2.78,0,0,0,0,1,0,0,1,0,0,0
Uril,2,7,14,20,1,1,2,8,2,14,4.29,2.86,1.43,0,0,0,0,1,0,0,1,0,0,0
Branching Coral,2,48,121,168,4,1,8,8,6,50,9.12,5.00,4.12,0,0,0,0,0,0,0,0,0,1,0
Tsoro,2,21,32,52,1,1,4,8,4,32,5.88,3.25,2.62,0,0,0,0,1,0,0,1,0,0,0
Dablot Prejjesne,2,120,72,191,6,1,12,12,4,72,5.31,5.31,0.00,0,0,0,0,0,0,0,1,0,0,0
Dots and Boxes,2,64,81,144,2,1,8,8,4,208,6.56,3.50,3.06,0,0,0,0,0,0,0,0,1,1,0
Chameleons,2,49,64,112,2,1,7,7,4,49,6.37,3.43,2.94,0,0,0,0,0,0,0,0,0,1,0
Msuwa wa Kunja,2,27,40,66,1,1,4,10,4,40,6.00,3.30,2.70,0,0,0,0,1,0,0,1,0,0,0
Atari Go,2,324,361,684,2,1,19,19,4,361,7.38,3.79,3.59,0,0,0,0,0,0,0,1,0,0,0
Challis Ghutia,2,64,81,144,2,1,9,9,4,81,6.72,3.56,3.16,0,0,0,0,0,0,0,1,0,0,0
El Perro,2,32,25,56,2,1,5,5,4,25,4.48,4.48,0.00,0,0,0,0,0,0,0,1,0,0,0
Abanga,2,8,18,25,1,1,2,9,4,20,4.56,2.78,1.78,0,0,0,0,1,0,0,1,0,1,0
Defector Y,2,73,48,120,3,1,8,8,6,48,5.00,5.00,0.00,0,0,0,0,0,0,0,1,0,0,0
Wari (Alignment),2,36,49,84,2,2,6,6,4,38,6.11,3.33,2.78,0,0,0,0,0,0,0,0,0,1,0
Parsi Chess,2,64,81,144,12,1,8,8,4,64,6.56,3.50,3.06,0,0,0,0,0,0,0,0,0,1,0
Dris et-Tessa,2,0,24,32,2,2,7,7,4,26,2.67,2.67,0.00,0,0,0,0,0,0,0,1,0,1,0
Shakhmaty (Early Modern),2,64,81,144,12,2,8,8,4,289,6.56,3.50,3.06,0,0,0,0,0,0,0,1,1,1,0
Bipartisan Y,2,73,48,120,3,1,8,8,6,48,5.00,5.00,0.00,0,0,0,0,0,0,0,1,0,0,0
Cage,2,144,169,312,2,1,12,12,4,144,7.03,3.67,3.36,0,0,0,0,0,0,0,0,0,1,0
Shatren,2,64,81,144,12,1,8,8,4,64,6.56,3.50,3.06,0,0,0,0,0,0,0,0,0,1,0
Korkserschach,2,64,81,144,12,1,8,8,4,64,6.56,3.50,3.06,0,0,0,0,0,0,0,0,0,1,0
Roots,2,91,216,306,2,1,11,11,6,91,9.89,5.27,4.62,0,0,0,0,0,0,0,0,0,1,0
Or Thella,2,64,81,144,2,1,8,8,4,68,6.56,3.50,3.06,0,0,0,0,0,0,0,0,0,1,0
Hexshogi,2,85,230,290,28,1,13,13,18,99,9.74,5.18,4.56,0,0,0,0,0,0,0,0,0,1,0
Andarraya,2,64,81,144,12,1,8,8,4,64,6.56,3.50,3.06,0,0,0,0,0,0,0,0,0,1,0
There and Back,2,36,57,96,2,1,8,8,12,36,5.00,2.67,2.33,0,0,0,0,0,0,0,0,0,1,0
Chessence,2,54,70,123,4,1,9,6,4,56,6.41,3.44,2.96,0,0,0,0,0,0,0,0,0,1,0
Refskak,2,40,33,72,2,1,7,7,16,33,4.36,4.36,0.00,0,0,0,0,0,0,0,1,0,0,0
Chaturanga (Kridakausalya 14x14),2,196,225,420,20,1,14,14,4,196,7.16,3.71,3.45,0,0,0,0,0,0,0,0,0,1,0
Stargazers,2,51,133,183,3,1,10,16,9,51,8.94,4.82,4.12,0,0,0,0,0,0,0,0,0,1,0
Shogi Puzzle,2,81,100,180,28,1,9,9,4,95,6.72,3.56,3.16,0,0,0,0,0,0,0,0,0,1,0
Sumi Naga Game (Hunt),2,32,25,56,2,2,5,5,4,58,4.48,4.48,0.00,0,0,0,0,0,0,0,1,0,1,0
Meridians,2,192,114,305,2,2,12,12,6,114,5.35,5.35,0.00,0,0,0,0,0,0,0,1,0,0,0
Misoro Tsoro (Additional Capture),2,21,32,52,1,2,4,8,4,32,5.88,3.25,2.62,0,0,0,0,1,0,0,1,0,0,0
Pallankuli,2,6,14,19,1,2,2,7,4,22,4.43,2.71,1.71,0,0,0,0,1,0,0,1,0,1,0
Havabu,2,64,81,144,2,1,8,8,4,64,6.56,3.50,3.06,0,0,0,0,0,0,0,0,0,1,0
Spice,2,14,30,96,3,1,7,7,4,30,8.27,6.40,1.87,0,0,0,0,0,0,0,1,0,0,0
T'uk T'uk,2,36,49,84,2,1,6,6,4,36,6.11,3.33,2.78,0,0,0,0,0,0,0,0,0,1,0
Choko,2,16,25,40,2,1,5,5,4,43,5.76,3.20,2.56,0,0,0,0,0,0,0,1,0,1,0
Oust,2,127,294,420,2,1,13,13,6,127,10.20,5.39,4.82,0,0,0,0,0,0,0,0,0,1,0
Enindji,2,7,14,20,1,1,2,8,2,14,4.29,2.86,1.43,0,0,0,0,1,0,0,1,0,0,0
Khutka Boia,2,4,10,13,1,3,2,5,4,16,4.20,2.60,1.60,0,0,0,0,1,0,0,1,0,1,0
Viking Chess,2,84,104,187,12,1,7,12,4,84,6.69,3.55,3.14,0,0,0,0,0,0,0,0,0,1,0
Aqrad,2,42,56,97,2,2,7,6,4,44,6.24,3.38,2.86,0,0,0,0,0,0,0,0,0,1,0
Tchoukaillon,1,0,5,4,1,1,1,5,2,5,1.60,1.60,0.00,1,0,0,0,1,0,0,1,0,0,0
Lamosh,2,5,12,16,1,3,2,6,4,19,4.33,2.67,1.67,0,0,0,0,1,0,0,1,0,1,0
King And Courtesan,2,36,49,84,2,1,6,6,4,36,6.11,3.33,2.78,1,0,0,0,0,0,0,0,0,1,0
ConHex,2,41,85,124,4,1,9,9,4,126,7.41,5.07,2.34,0,0,0,0,0,0,0,1,0,1,0
Vigilance,2,64,96,168,4,1,11,11,16,66,5.25,2.75,2.50,0,0,0,0,0,0,0,0,0,1,0
El Zorro,2,40,33,72,2,1,7,7,16,33,4.36,4.36,0.00,0,0,0,0,0,0,0,1,0,0,0
Pyrga,2,16,25,40,14,1,4,4,4,46,5.25,3.00,2.25,1,0,0,0,0,0,0,0,0,1,0
Greater Even Loss,2,16,25,40,2,1,4,4,4,16,5.25,3.00,2.25,0,0,0,0,0,0,0,0,0,1,0
J'erin,2,5,12,16,1,2,2,6,4,19,4.33,2.67,1.67,0,0,0,0,1,0,0,1,0,1,0
Onyx,2,362,204,565,2,1,35,35,4,204,5.54,5.54,0.00,0,0,0,0,0,0,0,1,0,0,0
Chonka,2,8,16,23,1,1,2,9,2,16,4.38,2.88,1.50,0,0,0,0,1,0,0,1,0,0,0
Chongka',2,8,16,23,1,1,2,9,2,16,4.38,2.88,1.50,0,0,0,0,1,0,0,1,0,0,0
Breakthru,2,121,144,264,3,3,11,11,4,123,6.94,3.64,3.31,0,0,0,0,0,0,0,0,0,1,0
Sfenj,2,64,81,144,12,1,8,8,4,74,6.56,3.50,3.06,0,0,0,0,0,0,0,0,0,1,0
